id,uniq_id,date_time,city_id,city_name,customer_id,first_name,last_name,item_id,item_name,quantity,payment_amount
1,a0819377a575097a426a184682b35ea6,2023-04-13T00:00:00,2,Ярославль,9213,Надежда,Морозова,11,Хлеб ржаной,2,40
2,bede2de3332c9344a3912f0d767e4e46,2023-04-13T00:00:00,0,Москва,6116,Елизавета,Федорова,7,Средство для мытья посуды,1,200
3,390b010b106a0aa8f54f40dd9afb498f,2023-04-13T00:00:00,1,Ростов,7108,Константин,Петров,10,Томаты,1,50
4,cadcb1d96b8130a25ef4e285afb08488,2023-04-13T00:00:00,0,Москва,4611,Екатерина,Егорова,8,Лампочка LED,1,300
5,cbcfc1ff65820b6a08603d5cac00603f,2023-04-13T00:00:00,0,Москва,7613,Анна,Егорова,3,Устройство для нагревания табака Трубка Мира,4,2000
6,9fcc88906c2b1fb5762902d717a9cf7c,2023-04-13T00:00:00,1,Ростов,6208,Алексей,Сидоров,8,Лампочка LED,4,1200
7,fd1c4054b7c03f9426fd5f45cb50967d,2023-04-13T00:00:00,0,Москва,8903,Геннадий,Новиков,5,Яблоко молодильное,3,1200
8,455d51762b87641470b22f6b39b8d83e,2023-04-13T00:00:00,2,Ярославль,8504,Геннадий,Попов,3,Устройство для нагревания табака Трубка Мира,1,500
9,da917b969ab1d7c411102207b3fdc504,2023-04-13T00:00:00,0,Москва,1915,Евгения,Орлова,10,Томаты,3,150
10,1af5d8748ceb562ded4a7f4c7ef960f1,2023-04-13T00:00:00,0,Москва,9313,Надежда,Волкова,2,Молоко 5%,2,300
11,5d45be7301c77d7dc5505fc972724aa1,2023-04-13T00:00:00,0,Москва,7212,Анна,Морозова,4,Сахар песок,4,200
12,08b497bfa6b1fd9c01c4d404ca0c630d,2023-04-13T00:00:00,0,Москва,1008,Евгений,Иванов,8,Лампочка LED,2,600
13,735bc4f0f17fa03de67388d8994713fa,2023-04-13T00:00:00,0,Москва,308,Иван,Смирнов,8,Лампочка LED,5,1500
14,c7cf539af9741e99f764fdd3554b923c,2023-04-13T00:00:00,2,Ярославль,618,Александра,Егорова,10,Томаты,1,50
15,0d64e491fa7e1ff4f4b31dcf0835d6c9,2023-04-13T00:00:00,1,Ростов,6106,Алексей,Петров,0,Молоко 1%,2,200
16,2bdbc3cfa7d42f5004904713a2424fd9,2023-04-13T00:00:00,0,Москва,2216,Ольга,Морозова,8,Лампочка LED,4,1200
17,4257e915a44765e58bf6fcb2fd12c5d7,2023-04-13T00:00:00,0,Москва,1702,Евгений,Соколов,9,Ручка шариковая,2,90
18,394f66117accaf904989578630d697b6,2023-04-13T00:00:00,0,Москва,3314,Светлана,Волкова,10,Томаты,1,50
19,2b3711aad91d68186484b901210f3d3f,2023-04-13T00:00:00,0,Москва,8303,Геннадий,Смирнов,8,Лампочка LED,2,600
20,fbeeb6af0bdda0dcb54b3dc92e212bec,2023-04-13T00:00:00,1,Ростов,4519,Екатерина,Лебедева,1,Молоко 3%,1,120
21,598e277768af3e5db853e576dbfa7188,2023-04-13T00:00:00,1,Ростов,4508,Сергей,Попов,2,Молоко 5%,4,600
22,9b62c6fe24267e192c8dfb8d70b1aaef,2023-04-13T00:00:00,1,Ростов,118,Александра,Федорова,7,Средство для мытья посуды,4,800
23,5d9757e48445fd3ae4666f462119423e,2023-04-13T00:00:00,1,Ростов,9909,Эдуард,Новиков,10,Томаты,2,100
24,335e8efb258d9c2fa85c52c5b83a7db0,2023-04-13T00:00:00,2,Ярославль,2701,Петр,Соколов,3,Устройство для нагревания табака Трубка Мира,4,2000
25,e98c0ccdd36fbfbf9f4a1a4b7b01aea6,2023-04-13T00:00:00,1,Ростов,8012,Снежанна,Великая,0,Молоко 1%,1,100
26,58872080898b6d56a5cdd1bd5972465d,2023-04-13T00:00:00,1,Ростов,3208,Олег,Сидоров,1,Молоко 3%,2,240
27,f2d9b69cb91032a23adb26a83c3ace89,2023-04-13T00:00:00,2,Ярославль,7402,Константин,Кузнецов,2,Молоко 5%,4,600
28,ddac1f3044b8158fc8e112d792947d46,2023-04-13T00:00:00,0,Москва,6514,Елизавета,Лебедева,3,Устройство для нагревания табака Трубка Мира,2,1000
29,41ca28a6716735e715c9e338f84d8969,2023-04-13T00:00:00,2,Ярославль,6404,Алексей,Кузнецов,1,Молоко 3%,1,120
30,f1b368ad2cef75d1bfc46f00c9a9c711,2023-04-13T00:00:00,0,Москва,3403,Олег,Кузнецов,11,Хлеб ржаной,3,60
31,adf0ac793389306bcc1358adeb0ed7fc,2023-04-13T00:00:00,1,Ростов,2807,Петр,Михайлов,9,Ручка шариковая,3,135
32,e1ee263cf64e0df0a4fa848480edce5c,2023-04-13T00:00:00,0,Москва,4810,Екатерина,Козлова,7,Средство для мытья посуды,1,200
33,afa61410397cfc39fabd18c18dd04dcb,2023-04-13T00:00:00,0,Москва,1408,Евгений,Кузнецов,7,Средство для мытья посуды,2,400
34,f9d8b333742cba4f58406cb1974a4d5e,2023-04-13T00:00:00,2,Ярославль,3806,Олег,Михайлов,11,Хлеб ржаной,5,100
35,f540e567bc836be1742faca283fc4a14,2023-04-13T00:00:00,2,Ярославль,6710,Елизавета,Павлова,8,Лампочка LED,5,1500
36,273100bc9e9437403bd87b690a545299,2023-04-13T00:00:00,2,Ярославль,2311,Ольга,Волкова,1,Молоко 3%,2,240
37,e74bcfda5d8837f89eded0415111fe9e,2023-04-13T00:00:00,2,Ярославль,5906,Александр,Новиков,8,Лампочка LED,3,900
38,acc1b20c90f15bdce89c18406e3ff44d,2023-04-13T00:00:00,1,Ростов,5616,Оксана,Егорова,7,Средство для мытья посуды,4,800
39,098a9818293426915752380c3760774b,2023-04-13T00:00:00,1,Ростов,6213,Елизавета,Морозова,0,Молоко 1%,4,400
40,f72f961e90faad98e1ff1e9798f86bba,2023-04-13T00:00:00,2,Ярославль,9911,Надежда,Орлова,6,Яблоко,1,140
41,c2c1c46f35840729c0224c21c102701f,2023-04-13T00:00:00,0,Москва,5901,Александр,Новиков,1,Молоко 3%,3,360
42,7e3c62052d5e135fe4d04e96258114db,2023-04-13T00:00:00,2,Ярославль,3811,Светлана,Козлова,9,Ручка шариковая,1,45
43,852c17e1c5b8a5efc233b894ea8bf7a4,2023-04-13T00:00:00,2,Ярославль,4013,Екатерина,Великая,2,Молоко 5%,4,600
44,9e97794942523ad6bcca64eb8692e690,2023-04-13T00:00:00,2,Ярославль,8107,Геннадий,Петров,6,Яблоко,3,420
45,890195fb1952121cda2c40f4d1fc7433,2023-04-13T00:00:00,0,Москва,4815,Екатерина,Козлова,8,Лампочка LED,2,600
46,d775df2bf8578e4a630eb64e8d87236c,2023-04-13T00:00:00,0,Москва,2903,Петр,Новиков,7,Средство для мытья посуды,3,600
47,db5b964f46f572b90e9276bb98f417a7,2023-04-13T00:00:00,2,Ярославль,2,Иван,Иванов,11,Хлеб ржаной,3,60
48,8a4850f4086bbc1498cc1fac12ee0736,2023-04-13T00:00:00,2,Ярославль,3708,Олег,Соколов,5,Яблоко молодильное,1,400
49,4d8a2fd17371b8209f5e03f9bd483f19,2023-04-13T00:00:00,1,Ростов,1207,Евгений,Сидоров,1,Молоко 3%,3,360
50,4d270c6f3d83e6555bc6eb5831d81abf,2023-04-13T00:00:00,1,Ростов,7800,Константин,Михайлов,3,Устройство для нагревания табака Трубка Мира,4,2000
51,57a3022a666d67c8860102e5d255f5ab,2023-04-13T00:00:00,2,Ярославль,2814,Ольга,Козлова,11,Хлеб ржаной,2,40
52,73138c83171478c2fac0e4143baec2c6,2023-04-13T00:00:00,2,Ярославль,2500,Петр,Попов,3,Устройство для нагревания табака Трубка Мира,5,2500
53,0e07535fde670e8456fc2aa1d11a21f3,2023-04-13T00:00:00,2,Ярославль,102,Иван,Петров,8,Лампочка LED,3,900
54,dba60c2381d830c3b7d4ee91aa1bf0a6,2023-04-13T00:00:00,2,Ярославль,6914,Елизавета,Орлова,3,Устройство для нагревания табака Трубка Мира,5,2500
55,3c9a15abd8b78feeaf267170e0335b4f,2023-04-13T00:00:00,2,Ярославль,5313,Оксана,Волкова,0,Молоко 1%,4,400
56,7b295505ddcfdb0152b1f594e819741d,2023-04-13T00:00:00,2,Ярославль,4001,Сергей,Иванов,0,Молоко 1%,4,400
57,fa37cbb155315817dcfd705ede908a1e,2023-04-13T00:00:00,2,Ярославль,7511,Анна,Лебедева,5,Яблоко молодильное,5,2000
58,88c21083afdff73104ed5b1e0944073d,2023-04-13T00:00:00,2,Ярославль,8213,Снежанна,Морозова,8,Лампочка LED,3,900
59,b115b77e41113f6a80983be8be6c6962,2023-04-13T00:00:00,2,Ярославль,1901,Евгений,Новиков,10,Томаты,1,50
60,d16d5971e9bc1895b6b3ead75adbe881,2023-04-13T00:00:00,1,Ростов,6119,Елизавета,Федорова,7,Средство для мытья посуды,4,800
61,91289bdc16371cb513b110d873b633d1,2023-04-13T00:00:00,2,Ярославль,3800,Олег,Михайлов,3,Устройство для нагревания табака Трубка Мира,3,1500
62,f699fb3092a693a92bdc139b40081cf4,2023-04-13T00:00:00,1,Ростов,6909,Алексей,Новиков,2,Молоко 5%,3,450
63,a21ee17f029ff5f0d73a7950448ea32f,2023-04-13T00:00:00,1,Ростов,8510,Снежанна,Лебедева,1,Молоко 3%,2,240
64,fde31edf34d96373f978a64bb67c02ac,2023-04-13T00:00:00,1,Ростов,907,Иван,Новиков,11,Хлеб ржаной,3,60
65,6f64055bd442b6f5a8bf659341ac3d33,2023-04-13T00:00:00,1,Ростов,9807,Эдуард,Михайлов,10,Томаты,3,150
66,9cd96a5227b9b601db077591f929349f,2023-04-13T00:00:00,1,Ростов,718,Александра,Павлова,10,Томаты,4,200
67,ca061e3a78cafd18dc70d3c4fe8603e4,2023-04-13T00:00:00,1,Ростов,1506,Евгений,Попов,4,Сахар песок,3,150
68,fb69a3617f71255e2d712ef1d5c52877,2023-04-13T00:00:00,2,Ярославль,1316,Евгения,Волкова,11,Хлеб ржаной,2,40
69,832a2c940f52bcc892ed02a0016053e9,2023-04-13T00:00:00,2,Ярославль,9103,Эдуард,Петров,0,Молоко 1%,1,100
70,63bc6af4204fb56cf3d3e64de1ed4f33,2023-04-13T00:00:00,0,Москва,400,Иван,Кузнецов,3,Устройство для нагревания табака Трубка Мира,1,500
71,7a23ca2537dad95b5b6ebd0918e34c63,2023-04-13T00:00:00,0,Москва,3913,Светлана,Орлова,1,Молоко 3%,4,480
72,c0fa94592483d857d74211e6b1ce3609,2023-04-13T00:00:00,0,Москва,6703,Алексей,Соколов,8,Лампочка LED,5,1500
73,8fe66c1b5675fba6511d4fc405a8fe20,2023-04-13T00:00:00,1,Ростов,1900,Евгений,Новиков,9,Ручка шариковая,1,45
74,0429a95bca2c40f9d265f09dd804bfde,2023-04-13T00:00:00,1,Ростов,4505,Сергей,Попов,2,Молоко 5%,2,300
75,a67095a09e66cc0d3affceff9178e724,2023-04-13T00:00:00,0,Москва,8511,Снежанна,Лебедева,8,Лампочка LED,2,600
76,e690e34951e7b42317e0fd8ca2171f8b,2023-04-13T00:00:00,0,Москва,2912,Ольга,Орлова,4,Сахар песок,4,200
77,427ddb88c5826cb1166876a28f20101f,2023-04-13T00:00:00,2,Ярославль,705,Иван,Соколов,1,Молоко 3%,1,120
78,4e69e8b74f07962e477189760c403b23,2023-04-13T00:00:00,0,Москва,4600,Сергей,Васильев,3,Устройство для нагревания табака Трубка Мира,2,1000
79,80c79d2a24bc9da667dbdddb1c81faec,2023-04-13T00:00:00,1,Ростов,9312,Надежда,Волкова,8,Лампочка LED,2,600
80,a49019bec2e033fd78a89585d6a12678,2023-04-13T00:00:00,2,Ярославль,3105,Олег,Петров,0,Молоко 1%,5,500
81,ba82b136d2343c51793459630d55be20,2023-04-13T00:00:00,0,Москва,1103,Евгений,Петров,3,Устройство для нагревания табака Трубка Мира,2,1000
82,6d71c0117f7a4618aaf914ee37603a46,2023-04-13T00:00:00,1,Ростов,1501,Евгений,Попов,9,Ручка шариковая,2,90
83,43695d4c4cb471d4bf5500bdc14b4496,2023-04-13T00:00:00,0,Москва,6706,Алексей,Соколов,10,Томаты,4,200
84,2a5e8d242193ce41831a8567baf44aa9,2023-04-13T00:00:00,2,Ярославль,7018,Анна,Великая,8,Лампочка LED,3,900
85,29f07b3868ada07bcc2d488db6870672,2023-04-13T00:00:00,2,Ярославль,5605,Александр,Васильев,6,Яблоко,3,420
86,d38d679c76a32863d41b87dd3d12bd2a,2023-04-13T00:00:00,1,Ростов,8508,Геннадий,Попов,4,Сахар песок,3,150
87,fb8717c634434c2452bca6afc89c9acd,2023-04-13T00:00:00,0,Москва,2912,Ольга,Орлова,9,Ручка шариковая,1,45
88,6c4d9a6e696574e72d0dc3695e18d39c,2023-04-13T00:00:00,1,Ростов,2217,Ольга,Морозова,3,Устройство для нагревания табака Трубка Мира,4,2000
89,27a5ad1753ea7ebb2ac903515e3da5ce,2023-04-13T00:00:00,0,Москва,6803,Алексей,Михайлов,2,Молоко 5%,1,150
90,b07d4a704d799a2e946d97aebc9c5097,2023-04-13T00:00:00,1,Ростов,7300,Константин,Смирнов,5,Яблоко молодильное,4,1600
91,6db7260b97d9a4d5599264b799364ec7,2023-04-13T00:00:00,0,Москва,3118,Светлана,Федорова,0,Молоко 1%,2,200
92,f48e23c3e7baea616bbec4e2937daaaf,2023-04-13T00:00:00,2,Ярославль,7302,Константин,Смирнов,4,Сахар песок,5,250
93,3836adecc80ee0802774c2f22c51c491,2023-04-13T00:00:00,0,Москва,7214,Анна,Морозова,3,Устройство для нагревания табака Трубка Мира,1,500
94,a805e3aed7cc906048fffa5a4b738049,2023-04-13T00:00:00,2,Ярославль,8810,Снежанна,Козлова,1,Молоко 3%,1,120
95,10865a3e4aa8b8cde0c80f35febb2d6c,2023-04-13T00:00:00,0,Москва,5501,Александр,Попов,7,Средство для мытья посуды,2,400
96,4764f08b3d8242c320b7be2e3e53f75f,2023-04-13T00:00:00,1,Ростов,5616,Оксана,Егорова,2,Молоко 5%,2,300
97,1dddec3790a3e46b5ed16cf502247e12,2023-04-13T00:00:00,1,Ростов,2513,Ольга,Лебедева,5,Яблоко молодильное,3,1200
98,ff6bf0c5262685d1f003efb462dbceef,2023-04-13T00:00:00,2,Ярославль,7403,Константин,Кузнецов,0,Молоко 1%,4,400
99,6880fc892b21eacb483b490733d0822c,2023-04-13T00:00:00,2,Ярославль,2302,Петр,Смирнов,5,Яблоко молодильное,5,2000
100,226ebae3c8ed6ae739a49e4ab0a8c5cd,2023-04-13T00:00:00,2,Ярославль,5,Иван,Иванов,8,Лампочка LED,1,300
101,801a7bda9eee8dee4af8b09ee7d9fb6a,2023-04-13T00:00:00,0,Москва,7806,Константин,Михайлов,0,Молоко 1%,3,300
102,f9daa98f3167c29f4102bd2d17162c92,2023-04-13T00:00:00,2,Ярославль,2316,Ольга,Волкова,2,Молоко 5%,2,300
103,b7894143d30dc762ec31b11d5942f29e,2023-04-13T00:00:00,1,Ростов,6017,Елизавета,Великая,7,Средство для мытья посуды,1,200
104,d2994fef517109c81126492f1b3a0134,2023-04-13T00:00:00,0,Москва,6211,Елизавета,Морозова,1,Молоко 3%,2,240
105,63614a8f4b7c28d8f66ec017d7d78e83,2023-04-13T00:00:00,1,Ростов,2308,Петр,Смирнов,1,Молоко 3%,2,240
106,cc4024d061e747007940f0ecf4a8efe1,2023-04-13T00:00:00,2,Ярославль,9300,Эдуард,Смирнов,0,Молоко 1%,1,100
107,78ec780d230573f3cc1d5d2e8440b4a4,2023-04-13T00:00:00,1,Ростов,7616,Анна,Егорова,10,Томаты,2,100
108,04587b2596318d68bf5e365f80bb0bf5,2023-04-13T00:00:00,1,Ростов,2513,Ольга,Лебедева,8,Лампочка LED,2,600
109,e3bd8f2cd660bff283a602ff44d6caac,2023-04-13T00:00:00,2,Ярославль,6412,Елизавета,Алексеева,10,Томаты,2,100
110,c8ced7a3f40288ed4c0b0153e8c2ef8b,2023-04-13T00:00:00,0,Москва,507,Иван,Попов,1,Молоко 3%,3,360
111,15547ad508b42a0c759adbc85aac4ac7,2023-04-13T00:00:00,0,Москва,819,Александра,Козлова,3,Устройство для нагревания табака Трубка Мира,3,1500
112,23267f72fc03d5772a605cc773ea553a,2023-04-13T00:00:00,2,Ярославль,317,Александра,Волкова,11,Хлеб ржаной,2,40
113,fe94d14abd0ce04924b3860d7f0eed15,2023-04-13T00:00:00,1,Ростов,4812,Екатерина,Козлова,5,Яблоко молодильное,5,2000
114,08e26eb342bec57bd26e7684f199a836,2023-04-13T00:00:00,2,Ярославль,4107,Сергей,Петров,1,Молоко 3%,4,480
115,ba7626c4189bb94e124fc7e70134667f,2023-04-13T00:00:00,2,Ярославль,9104,Эдуард,Петров,8,Лампочка LED,2,600
116,905c1da3ccd7c5c31822486081eba105,2023-04-13T00:00:00,2,Ярославль,9401,Эдуард,Кузнецов,1,Молоко 3%,4,480
117,3b3469273b9d101960d2683693fcf791,2023-04-13T00:00:00,0,Москва,1604,Евгений,Васильев,8,Лампочка LED,4,1200
118,321169ae3cc501025853f65fe8c2f8d4,2023-04-13T00:00:00,2,Ярославль,6714,Елизавета,Павлова,5,Яблоко молодильное,1,400
119,fd22edcc0d4a2acef2791ee07891b63d,2023-04-13T00:00:00,0,Москва,9019,Надежда,Великая,0,Молоко 1%,4,400
120,b4a6d5c157ccaf9add6b9aadcd774801,2023-04-13T00:00:00,1,Ростов,8315,Снежанна,Волкова,0,Молоко 1%,2,200
121,f86d63552bc14f9bcc3047ae0385b71d,2023-04-13T00:00:00,1,Ростов,8607,Геннадий,Васильев,5,Яблоко молодильное,5,2000
122,c6bcc3243e3a4513d0fe862bc3324452,2023-04-13T00:00:00,0,Москва,4302,Сергей,Смирнов,2,Молоко 5%,1,150
123,e5cb8a4f69599ae9f6410d95dfe34b61,2023-04-13T00:00:00,0,Москва,5017,Оксана,Великая,7,Средство для мытья посуды,5,1000
124,64777cb4da7c0fc2354b1d80bb9a5125,2023-04-13T00:00:00,0,Москва,4806,Сергей,Михайлов,1,Молоко 3%,5,600
125,13f184d6d56ab4b4d3872b8b640cae81,2023-04-13T00:00:00,2,Ярославль,8504,Геннадий,Попов,6,Яблоко,3,420
126,6c54a6f34b7226c653090a454af13e62,2023-04-13T00:00:00,1,Ростов,9,Иван,Иванов,10,Томаты,5,250
127,43c8d1d984db60d91a9b2dc247de2589,2023-04-13T00:00:00,2,Ярославль,3115,Светлана,Федорова,4,Сахар песок,4,200
128,c79a28e7c88c6b642c3ae2fd5fcfd043,2023-04-13T00:00:00,2,Ярославль,1900,Евгений,Новиков,3,Устройство для нагревания табака Трубка Мира,2,1000
129,8325f452496ff45be0586fff6ab568b3,2023-04-13T00:00:00,1,Ростов,6808,Алексей,Михайлов,2,Молоко 5%,1,150
130,b5ddbcff39461ff0b92fb04e5ad8fdca,2023-04-13T00:00:00,1,Ростов,9910,Надежда,Орлова,2,Молоко 5%,1,150
131,f29e75a13fa40b83f070c58411395b17,2023-04-13T00:00:00,0,Москва,7116,Анна,Федорова,7,Средство для мытья посуды,5,1000
132,e640b68f3e925be8fb63fc6726d02011,2023-04-13T00:00:00,2,Ярославль,4702,Сергей,Соколов,0,Молоко 1%,5,500
133,06c5ba1aac62cee036d41e4a165c5f67,2023-04-13T00:00:00,1,Ростов,3809,Олег,Михайлов,10,Томаты,3,150
134,76ed0efee2a6b5fc66800b40221386f3,2023-04-13T00:00:00,1,Ростов,5912,Оксана,Орлова,3,Устройство для нагревания табака Трубка Мира,3,1500
135,d1f7d2430b996ae4e48063144a3c10de,2023-04-13T00:00:00,1,Ростов,1108,Евгений,Петров,4,Сахар песок,3,150
136,f37c158d2953a4575486191d1c557875,2023-04-13T00:00:00,2,Ярославль,7702,Константин,Соколов,10,Томаты,1,50
137,47a9b19bc7219509ff468d5e2afcdb05,2023-04-13T00:00:00,0,Москва,1010,Евгения,Великая,11,Хлеб ржаной,5,100
138,6dd91691921d4f4d256e3198d5c1c7e0,2023-04-13T00:00:00,2,Ярославль,7902,Константин,Новиков,6,Яблоко,1,140
139,5a8df2a69d95254d685ac1444b181ed9,2023-04-13T00:00:00,0,Москва,8516,Снежанна,Лебедева,10,Томаты,1,50
140,aa208ffa8d26d47b77b2d044b7c97b02,2023-04-13T00:00:00,2,Ярославль,2618,Ольга,Егорова,9,Ручка шариковая,2,90
141,99fc977eef966303178b7a102efc8072,2023-04-13T00:00:00,1,Ростов,1916,Евгения,Орлова,1,Молоко 3%,4,480
142,80d2c6d4277390d29c19389e5be847d8,2023-04-13T00:00:00,2,Ярославль,2015,Ольга,Великая,8,Лампочка LED,2,600
143,2bf4433b94a710d9a1a8a8acdf7a2ba8,2023-04-13T00:00:00,2,Ярославль,5714,Оксана,Павлова,3,Устройство для нагревания табака Трубка Мира,5,2500
144,5752ac4b4cfde55a47d4fb20855f399d,2023-04-13T00:00:00,0,Москва,1714,Евгения,Павлова,3,Устройство для нагревания табака Трубка Мира,4,2000
145,9a9216e1915aa6b59fd6e1bd8507977a,2023-04-13T00:00:00,0,Москва,7718,Анна,Павлова,11,Хлеб ржаной,4,80
146,e1b04e6c28a7b7799c4c3de61a00de45,2023-04-13T00:00:00,1,Ростов,1006,Евгений,Иванов,10,Томаты,4,200
147,da6c3ce36e43ddcde2c47e74ea40d9f6,2023-04-13T00:00:00,0,Москва,8019,Снежанна,Великая,1,Молоко 3%,5,600
148,db19c7ef2390fddb61c278e6fa3d4e08,2023-04-13T00:00:00,2,Ярославль,5902,Александр,Новиков,0,Молоко 1%,5,500
149,b5eb49425542af7f45c93ef8a27f9f18,2023-04-13T00:00:00,2,Ярославль,2611,Ольга,Егорова,6,Яблоко,1,140
150,f6c695e486367cc5a515d97a3e46b9b0,2023-04-13T00:00:00,1,Ростов,7409,Константин,Кузнецов,3,Устройство для нагревания табака Трубка Мира,3,1500
151,04e445a70354c824511c4209ec59deea,2023-04-13T00:00:00,1,Ростов,8216,Снежанна,Морозова,9,Ручка шариковая,2,90
152,8ec588b76ba13e525e01db1b39c47f1d,2023-04-13T00:00:00,1,Ростов,8111,Снежанна,Федорова,8,Лампочка LED,5,1500
153,a92c9cba04789b22d25fc84992576221,2023-04-13T00:00:00,1,Ростов,8613,Снежанна,Егорова,8,Лампочка LED,2,600
154,b56dc9b588dfca1e8e5f01757757aa1f,2023-04-13T00:00:00,2,Ярославль,7016,Анна,Великая,7,Средство для мытья посуды,3,600
155,3be9483acdb849b2b3594d39a1a301f4,2023-04-13T00:00:00,1,Ростов,9419,Надежда,Алексеева,9,Ручка шариковая,2,90
156,150e9843283a1cab4e7fec8d69c8dbda,2023-04-13T00:00:00,1,Ростов,9619,Надежда,Егорова,7,Средство для мытья посуды,2,400
157,3e7587a2d9920647a6ae63a8e8a1dff9,2023-04-13T00:00:00,2,Ярославль,4403,Сергей,Кузнецов,3,Устройство для нагревания табака Трубка Мира,3,1500
158,5b55a0bb3bed09cc6f150c23481f5208,2023-04-13T00:00:00,2,Ярославль,6211,Елизавета,Морозова,6,Яблоко,3,420
159,0ed5834bb2fa940c2166fb2b70779664,2023-04-13T00:00:00,0,Москва,617,Александра,Егорова,8,Лампочка LED,1,300
160,0220025f3bffd2922366f1bd4b3bcce5,2023-04-13T00:00:00,1,Ростов,1902,Евгений,Новиков,2,Молоко 5%,4,600
161,8a5a5fcf1460ed8a2794b5967a777dff,2023-04-13T00:00:00,2,Ярославль,7808,Константин,Михайлов,7,Средство для мытья посуды,4,800
162,7d53192066736ee5053379ea1fa8a5fc,2023-04-13T00:00:00,2,Ярославль,2914,Ольга,Орлова,3,Устройство для нагревания табака Трубка Мира,4,2000
163,c6359c7ee3a9bf09cd04d46b1e39c161,2023-04-13T00:00:00,2,Ярославль,11,Александра,Великая,10,Томаты,1,50
164,5e957d71cf3fcff6885238cfa8d81279,2023-04-13T00:00:00,1,Ростов,6615,Елизавета,Егорова,4,Сахар песок,1,50
165,11e16c4a9c0a0c81b9cf11070db5e0fa,2023-04-13T00:00:00,1,Ростов,414,Александра,Алексеева,11,Хлеб ржаной,5,100
166,ea478a7b87c2009d5f747290cb66134c,2023-04-13T00:00:00,2,Ярославль,5107,Александр,Петров,2,Молоко 5%,4,600
167,1e94369f77f50072c1f009e603626b37,2023-04-13T00:00:00,1,Ростов,713,Александра,Павлова,2,Молоко 5%,1,150
168,0ca7261ce6fe664ed410df4205b5052d,2023-04-13T00:00:00,2,Ярославль,2103,Петр,Петров,6,Яблоко,1,140
169,b41ab01feafba610d5ca1c98ac8f5deb,2023-04-13T00:00:00,2,Ярославль,3313,Светлана,Волкова,11,Хлеб ржаной,5,100
170,42baf8c4662361bf23fa7cbb218249c8,2023-04-13T00:00:00,0,Москва,7715,Анна,Павлова,5,Яблоко молодильное,1,400
171,c488699bf7ccf8a8514fc84d3ea4216a,2023-04-13T00:00:00,2,Ярославль,1605,Евгений,Васильев,11,Хлеб ржаной,3,60
172,70d76bec6b4dcad7f658a19b9dcc8d3f,2023-04-13T00:00:00,1,Ростов,1509,Евгений,Попов,0,Молоко 1%,2,200
173,13b86171a4f6a6d22631dbef80b6479a,2023-04-13T00:00:00,0,Москва,5900,Александр,Новиков,8,Лампочка LED,5,1500
174,e2f8a95a0133639ee351651461eff413,2023-04-13T00:00:00,0,Москва,4108,Сергей,Петров,5,Яблоко молодильное,2,800
175,76d5c7923d75af830ea45e4bd7787958,2023-04-13T00:00:00,1,Ростов,1219,Евгения,Морозова,7,Средство для мытья посуды,2,400
176,59afdfd478412cc678959086b0325607,2023-04-13T00:00:00,2,Ярославль,7100,Константин,Петров,5,Яблоко молодильное,4,1600
177,e8b28e868b257be890054147e57e6c94,2023-04-13T00:00:00,0,Москва,1816,Евгения,Козлова,4,Сахар песок,5,250
178,79f97f445b00bd14799ba8c608d4af03,2023-04-13T00:00:00,2,Ярославль,6510,Елизавета,Лебедева,2,Молоко 5%,2,300
179,b2bcf0444e069a9da84cf19f778dbf53,2023-04-13T00:00:00,0,Москва,4405,Сергей,Кузнецов,6,Яблоко,2,280
180,11b33199fc9057a9fe18ffd13522a87a,2023-04-13T00:00:00,1,Ростов,1616,Евгения,Егорова,0,Молоко 1%,1,100
181,c6ef270a09700f600586a86884172422,2023-04-13T00:00:00,1,Ростов,5006,Александр,Иванов,11,Хлеб ржаной,3,60
182,e08e42e0d962394501080a657309c6d3,2023-04-13T00:00:00,0,Москва,4116,Екатерина,Федорова,10,Томаты,2,100
183,9eaf9305a0daabbd5f060a4ebfe04b03,2023-04-13T00:00:00,2,Ярославль,8506,Геннадий,Попов,5,Яблоко молодильное,1,400
184,e7aa4d68f2f7a407b3e289e7826d01e9,2023-04-13T00:00:00,0,Москва,3819,Светлана,Козлова,10,Томаты,3,150
185,acd918bdd5675ea781e185a170131c45,2023-04-13T00:00:00,1,Ростов,216,Александра,Морозова,7,Средство для мытья посуды,4,800
186,96d25c260b4bab69613e519f3d9d8c64,2023-04-13T00:00:00,1,Ростов,3511,Светлана,Лебедева,6,Яблоко,5,700
187,33aa7f5a002c82ce95041696751fa756,2023-04-13T00:00:00,1,Ростов,5114,Оксана,Федорова,11,Хлеб ржаной,3,60
188,55208e6f70299a8c73469c60059b4513,2023-04-13T00:00:00,0,Москва,3711,Светлана,Павлова,2,Молоко 5%,3,450
189,35f27c976cc082650373e5490b3354e7,2023-04-13T00:00:00,0,Москва,7809,Константин,Михайлов,5,Яблоко молодильное,2,800
190,848c45e199ec879cb5ae09d3837ed962,2023-04-13T00:00:00,1,Ростов,3519,Светлана,Лебедева,5,Яблоко молодильное,2,800
191,95a50f6e1fcdbff2abd832e3fdb71aa3,2023-04-13T00:00:00,2,Ярославль,2107,Петр,Петров,5,Яблоко молодильное,2,800
192,f0fb4eb1d67216a2ff0374764eaf7742,2023-04-13T00:00:00,1,Ростов,7601,Константин,Васильев,2,Молоко 5%,4,600
193,fec4f1180da5d35ee3300aec685565b7,2023-04-13T00:00:00,2,Ярославль,4615,Екатерина,Егорова,4,Сахар песок,5,250
194,4dd65ccf7b25957a5d9f7538896fad78,2023-04-13T00:00:00,0,Москва,8800,Геннадий,Михайлов,9,Ручка шариковая,4,180
195,4c976dd964be11f8c87310cf90898e41,2023-04-13T00:00:00,2,Ярославль,1904,Евгений,Новиков,3,Устройство для нагревания табака Трубка Мира,4,2000
196,cc9ef1e793d99f920c71db21a3835bde,2023-04-13T00:00:00,1,Ростов,3904,Олег,Новиков,8,Лампочка LED,3,900
197,dad92974ef45400dcd56262fdabae36e,2023-04-13T00:00:00,2,Ярославль,1206,Евгений,Сидоров,10,Томаты,2,100
198,b6fd37939f1f975fc5f87ae91f7052b6,2023-04-13T00:00:00,0,Москва,3714,Светлана,Павлова,10,Томаты,5,250
199,9b27123bed2daddc420076a5e83752aa,2023-04-13T00:00:00,1,Ростов,2211,Ольга,Морозова,4,Сахар песок,1,50
200,ce72499a54d2a15a59bf802199db3171,2023-04-13T00:00:00,2,Ярославль,5806,Александр,Михайлов,10,Томаты,5,250
201,da353e15dec5639a056a0cbcfdcd43e6,2023-04-13T00:00:00,1,Ростов,9710,Надежда,Павлова,4,Сахар песок,2,100
202,6593a236222c95bbe5a299b51e0901dc,2023-04-13T00:00:00,0,Москва,2107,Петр,Петров,6,Яблоко,1,140
203,24bcf2dd801d0cded623ff70778fb893,2023-04-13T00:00:00,2,Ярославль,2518,Ольга,Лебедева,2,Молоко 5%,3,450
204,0dbd5ffaee97f81a8014c4494765c3a2,2023-04-13T00:00:00,1,Ростов,2016,Ольга,Великая,9,Ручка шариковая,2,90
205,d3ab1a7535305d7107f0994648f254f8,2023-04-13T00:00:00,2,Ярославль,614,Александра,Егорова,2,Молоко 5%,2,300
206,0252982de95e8cf85671136a08c2725e,2023-04-13T00:00:00,2,Ярославль,9110,Надежда,Федорова,5,Яблоко молодильное,2,800
207,aa3ccfb74d6135c5b6a386d54b1c0b50,2023-04-13T00:00:00,2,Ярославль,3514,Светлана,Лебедева,9,Ручка шариковая,2,90
208,899ca53507aba1ba984b204fdc12d5ee,2023-04-13T00:00:00,0,Москва,6516,Елизавета,Лебедева,6,Яблоко,5,700
209,3a6e72709bc16d7a4d0ab3509868b406,2023-04-13T00:00:00,0,Москва,3014,Светлана,Великая,11,Хлеб ржаной,3,60
210,918efddf46bb53131160fa7c6045322a,2023-04-13T00:00:00,0,Москва,3013,Светлана,Великая,6,Яблоко,4,560
211,f52a8dc93608bc75251f8c1346722449,2023-04-13T00:00:00,0,Москва,4402,Сергей,Кузнецов,9,Ручка шариковая,2,90
212,d931b75bb8b1329b144d801980c0fa7c,2023-04-13T00:00:00,2,Ярославль,8907,Геннадий,Новиков,4,Сахар песок,3,150
213,2f5dd41367a92a2dfe27d65ff3747109,2023-04-13T00:00:00,2,Ярославль,4104,Сергей,Петров,0,Молоко 1%,5,500
214,8f8bfcd95237f161b7a400f8ee8eb262,2023-04-13T00:00:00,1,Ростов,2109,Петр,Петров,10,Томаты,5,250
215,af9e5a1d1ea31794fdffcfaadc8697d2,2023-04-13T00:00:00,1,Ростов,6019,Елизавета,Великая,11,Хлеб ржаной,5,100
216,642428e72ce9ec226b895ffa23fd5944,2023-04-13T00:00:00,1,Ростов,2907,Петр,Новиков,11,Хлеб ржаной,2,40
217,1de5b53756517ac81f193da45b732679,2023-04-13T00:00:00,2,Ярославль,5205,Александр,Сидоров,4,Сахар песок,2,100
218,74026045f11ea7e480007fbcc26324d8,2023-04-13T00:00:00,2,Ярославль,5114,Оксана,Федорова,3,Устройство для нагревания табака Трубка Мира,5,2500
219,9008cc4565091046d97ab79ebb02d850,2023-04-13T00:00:00,0,Москва,1805,Евгений,Михайлов,6,Яблоко,2,280
220,95bd5dbe4f4fe5f182ab124c86f667d4,2023-04-13T00:00:00,1,Ростов,7103,Константин,Петров,10,Томаты,3,150
221,427aab778aa5e3a0bcb46c5f52e75863,2023-04-13T00:00:00,2,Ярославль,7709,Константин,Соколов,9,Ручка шариковая,2,90
222,36a8f6c5408729f8e4b7fe8c05a6374c,2023-04-13T00:00:00,0,Москва,3611,Светлана,Егорова,11,Хлеб ржаной,2,40
223,0def9507ef2027b8a7f597de58cabd9f,2023-04-13T00:00:00,2,Ярославль,5914,Оксана,Орлова,3,Устройство для нагревания табака Трубка Мира,4,2000
224,313a57dc4fa9a5638ce377fed991e5cd,2023-04-13T00:00:00,0,Москва,5203,Александр,Сидоров,4,Сахар песок,3,150
225,9bdd030bbe27bb8a9e293e82c7c30872,2023-04-13T00:00:00,0,Москва,1515,Евгения,Лебедева,7,Средство для мытья посуды,4,800
226,8fdeeb278232876db955716d870f5833,2023-04-13T00:00:00,1,Ростов,5010,Оксана,Великая,6,Яблоко,4,560
227,942604f512df804ea4bb89efc734011e,2023-04-13T00:00:00,2,Ярославль,1912,Евгения,Орлова,4,Сахар песок,1,50
228,77f14c0550cc2afa73f3aae64e6f69f8,2023-04-13T00:00:00,2,Ярославль,9806,Эдуард,Михайлов,0,Молоко 1%,4,400
229,ef01292cadab03ac2b67613bc89ff8bb,2023-04-13T00:00:00,0,Москва,104,Иван,Петров,9,Ручка шариковая,5,225
230,574cac8e6983a228de20424ea3a5e698,2023-04-13T00:00:00,0,Москва,7719,Анна,Павлова,5,Яблоко молодильное,3,1200
231,4522f3a9faf527349385ad9f6b314e2d,2023-04-13T00:00:00,2,Ярославль,6513,Елизавета,Лебедева,5,Яблоко молодильное,5,2000
232,299f47e65d22e9c6c3eb87e24134ce55,2023-04-13T00:00:00,2,Ярославль,3106,Олег,Петров,4,Сахар песок,1,50
233,606723fdb763ab710d5783005c3250e3,2023-04-13T00:00:00,0,Москва,9511,Надежда,Лебедева,1,Молоко 3%,1,120
234,598f843e7b0388d2cf5e7df1d215e956,2023-04-13T00:00:00,0,Москва,1906,Евгений,Новиков,11,Хлеб ржаной,4,80
235,9836b18ce91b0154600bcf2476758f4d,2023-04-13T00:00:00,1,Ростов,4213,Екатерина,Морозова,0,Молоко 1%,2,200
236,79e32916ccb3e9b44f8f22c31f3c75a5,2023-04-13T00:00:00,1,Ростов,7900,Константин,Новиков,1,Молоко 3%,4,480
237,b93467bbb467465d1f9a11270541f968,2023-04-13T00:00:00,2,Ярославль,2607,Петр,Васильев,9,Ручка шариковая,4,180
238,9ccd191099a602a92c0ddac26d860eb2,2023-04-13T00:00:00,2,Ярославль,1707,Евгений,Соколов,11,Хлеб ржаной,3,60
239,1ecebddedbfda4d73dc2dd5dee3dc1b3,2023-04-13T00:00:00,0,Москва,2008,Петр,Иванов,0,Молоко 1%,3,300
240,a15a9e6ee3c6d6873288c60887fbbab3,2023-04-13T00:00:00,0,Москва,9008,Эдуард,Иванов,0,Молоко 1%,1,100
241,bf8f2b7161e2bc6b8fed5bd2de5391b5,2023-04-13T00:00:00,0,Москва,4019,Екатерина,Великая,5,Яблоко молодильное,2,800
242,42a1ab5b51f09f47e02bef5e5f09f395,2023-04-13T00:00:00,1,Ростов,6311,Елизавета,Волкова,1,Молоко 3%,4,480
243,dbed123a1407e5092a452fafec06e79c,2023-04-13T00:00:00,2,Ярославль,7408,Константин,Кузнецов,1,Молоко 3%,1,120
244,1ae0d9066aa00ae37081b511aa7774ac,2023-04-13T00:00:00,0,Москва,6213,Елизавета,Морозова,11,Хлеб ржаной,1,20
245,ab2c801b3d09a1cb2a439f494d7a1f35,2023-04-13T00:00:00,0,Москва,1910,Евгения,Орлова,1,Молоко 3%,4,480
246,3e26ec11b453d2d97eb983d4ca5e4ad5,2023-04-13T00:00:00,1,Ростов,1301,Евгений,Смирнов,6,Яблоко,4,560
247,af5f3cc7765d427450db551415d3833f,2023-04-13T00:00:00,0,Москва,2517,Ольга,Лебедева,4,Сахар песок,2,100
248,345eb1b0c3b30cc71f90d0ccc320dcb0,2023-04-13T00:00:00,2,Ярославль,7908,Константин,Новиков,11,Хлеб ржаной,2,40
249,0685fc368e57e3dd3d96ac04f402d54e,2023-04-13T00:00:00,1,Ростов,217,Александра,Морозова,1,Молоко 3%,4,480
250,39370b607c77635e4f4866fd4bb20856,2023-04-13T00:00:00,2,Ярославль,8306,Геннадий,Смирнов,4,Сахар песок,1,50
251,943ec915a0091753f3c93a19e0139db9,2023-04-13T00:00:00,1,Ростов,4308,Сергей,Смирнов,7,Средство для мытья посуды,5,1000
252,f0f1636fae3ec2c4dc06e79e21c9ebc7,2023-04-13T00:00:00,1,Ростов,6111,Елизавета,Федорова,10,Томаты,4,200
253,61be156fe5e8071cf5ea99cb3f3e38e8,2023-04-13T00:00:00,2,Ярославль,1009,Евгений,Иванов,4,Сахар песок,2,100
254,2f73943b630719fbfb56455c29fbc37b,2023-04-13T00:00:00,2,Ярославль,9819,Надежда,Козлова,11,Хлеб ржаной,5,100
255,ca0d7437adb1a575657638b5c27ee698,2023-04-13T00:00:00,1,Ростов,7107,Константин,Петров,4,Сахар песок,5,250
256,d36caef6b34c9165e96356369732461d,2023-04-13T00:00:00,2,Ярославль,6612,Елизавета,Егорова,0,Молоко 1%,3,300
257,dee9510be1ecdda9c59b31d04eb3d117,2023-04-13T00:00:00,1,Ростов,1316,Евгения,Волкова,1,Молоко 3%,2,240
258,0b5de037d8993341ef5a4490afc7b2aa,2023-04-13T00:00:00,0,Москва,3510,Светлана,Лебедева,8,Лампочка LED,3,900
259,85009e4659b94d6a71db0dc2ab8e4098,2023-04-13T00:00:00,0,Москва,509,Иван,Попов,1,Молоко 3%,5,600
260,356f4b703e342387cc434d0ea1365898,2023-04-13T00:00:00,2,Ярославль,7101,Константин,Петров,11,Хлеб ржаной,3,60
261,9ffa11113cc58c051596619ed58b7a6b,2023-04-13T00:00:00,1,Ростов,2713,Ольга,Павлова,6,Яблоко,1,140
262,92b4e2cb7f464db12f64065368501258,2023-04-13T00:00:00,2,Ярославль,8308,Геннадий,Смирнов,2,Молоко 5%,5,750
263,93d2331a5d52a976d525f817522731a4,2023-04-13T00:00:00,1,Ростов,9603,Эдуард,Васильев,9,Ручка шариковая,4,180
264,4f90a788f42f2e920d354b9c6dfa7d1f,2023-04-13T00:00:00,0,Москва,8819,Снежанна,Козлова,0,Молоко 1%,2,200
265,ae3ef8d99c22e7ef25e4de755911913c,2023-04-13T00:00:00,0,Москва,6319,Елизавета,Волкова,11,Хлеб ржаной,3,60
266,e8688e4084cad454ff1fc6f4d0cfbc74,2023-04-13T00:00:00,1,Ростов,6615,Елизавета,Егорова,1,Молоко 3%,3,360
267,24e1966747f3a6ce12b18f5af7a08a5d,2023-04-13T00:00:00,0,Москва,3716,Светлана,Павлова,7,Средство для мытья посуды,2,400
268,57ad2d204779bcce9c66684451d74d73,2023-04-13T00:00:00,2,Ярославль,7802,Константин,Михайлов,0,Молоко 1%,5,500
269,6cf5d893996d678a7da08ed3af91e3f8,2023-04-13T00:00:00,2,Ярославль,9817,Надежда,Козлова,8,Лампочка LED,5,1500
270,52fb7f21cee7e334f2296f4d157b2d7b,2023-04-13T00:00:00,2,Ярославль,5106,Александр,Петров,3,Устройство для нагревания табака Трубка Мира,5,2500
271,472b9444c1680ed0ad21bc5629dd7748,2023-04-13T00:00:00,1,Ростов,7005,Константин,Иванов,6,Яблоко,5,700
272,9653e1e40331cff4155fc424946dfde1,2023-04-13T00:00:00,1,Ростов,9116,Надежда,Федорова,1,Молоко 3%,3,360
273,1bb1d937a7eae831569aaaccb972afdb,2023-04-13T00:00:00,2,Ярославль,9917,Надежда,Орлова,1,Молоко 3%,1,120
274,bdf09880e058d37b95d98ce502364601,2023-04-13T00:00:00,1,Ростов,5715,Оксана,Павлова,9,Ручка шариковая,3,135
275,9c462f63497bc1a96fe28e3821c875aa,2023-04-13T00:00:00,2,Ярославль,1704,Евгений,Соколов,8,Лампочка LED,3,900
276,b33f01db88d54e6e8228adeab4ab7659,2023-04-13T00:00:00,0,Москва,8106,Геннадий,Петров,0,Молоко 1%,5,500
277,a3ee9b1e470e9bd3167fc9c6ca21295f,2023-04-13T00:00:00,1,Ростов,3202,Олег,Сидоров,7,Средство для мытья посуды,4,800
278,372417324f6cc19ea9bff511f9ce91d0,2023-04-13T00:00:00,0,Москва,4810,Екатерина,Козлова,10,Томаты,3,150
279,b7e52720c09ff1914d1ca6594f4502f6,2023-04-13T00:00:00,0,Москва,6812,Елизавета,Козлова,9,Ручка шариковая,2,90
280,46c7efbfd94a0016398dd9b54f2cfce3,2023-04-13T00:00:00,0,Москва,4304,Сергей,Смирнов,6,Яблоко,4,560
281,034133633ccc4adec85ff28a1c5f71c2,2023-04-13T00:00:00,2,Ярославль,8812,Снежанна,Козлова,5,Яблоко молодильное,3,1200
282,72ae564b96bae367242a2eea81aeafef,2023-04-13T00:00:00,1,Ростов,3116,Светлана,Федорова,0,Молоко 1%,4,400
283,ab40464e560d2fd086391c4f1933a436,2023-04-13T00:00:00,1,Ростов,5003,Александр,Иванов,0,Молоко 1%,2,200
284,facf21deff8caa2ad2522565cd436bcd,2023-04-13T00:00:00,1,Ростов,7809,Константин,Михайлов,7,Средство для мытья посуды,2,400
285,2e0b5784d7fde661caed0f78c1e74193,2023-04-13T00:00:00,0,Москва,4406,Сергей,Кузнецов,2,Молоко 5%,2,300
286,3846acf71e05323a732dddd8010d55a4,2023-04-13T00:00:00,1,Ростов,8200,Геннадий,Сидоров,3,Устройство для нагревания табака Трубка Мира,3,1500
287,4377a00d78a99d5846e104dcb753e590,2023-04-13T00:00:00,2,Ярославль,505,Иван,Попов,8,Лампочка LED,1,300
288,9c255d7bfba9a16a2133238aa69555bd,2023-04-13T00:00:00,2,Ярославль,3804,Олег,Михайлов,3,Устройство для нагревания табака Трубка Мира,4,2000
289,866b0d8666009b6d652746913cc688fd,2023-04-13T00:00:00,1,Ростов,9,Иван,Иванов,7,Средство для мытья посуды,2,400
290,1055f6923a9f3724e3e62a0cae135581,2023-04-13T00:00:00,1,Ростов,5807,Александр,Михайлов,4,Сахар песок,3,150
291,84ad33d2aa620e1fec7e05d6d4e78a7e,2023-04-13T00:00:00,1,Ростов,4415,Екатерина,Алексеева,10,Томаты,3,150
292,1a6ae90e420c8e15e801a178990b5f5d,2023-04-13T00:00:00,1,Ростов,3906,Олег,Новиков,7,Средство для мытья посуды,5,1000
293,cb6d58956c9e03bdebf85e55c0d3eccb,2023-04-13T00:00:00,0,Москва,7816,Анна,Козлова,11,Хлеб ржаной,5,100
294,24d83f5efc7c43879647e15b194ac5b5,2023-04-13T00:00:00,2,Ярославль,7916,Анна,Орлова,0,Молоко 1%,5,500
295,429e053eb1b713becde46aecb7703fa3,2023-04-13T00:00:00,2,Ярославль,7412,Анна,Алексеева,11,Хлеб ржаной,3,60
296,ce4b4bed195e0ed1815e6ee6161b6405,2023-04-13T00:00:00,2,Ярославль,5215,Оксана,Морозова,7,Средство для мытья посуды,1,200
297,fd2cab89ce14797a370894bccfba6365,2023-04-13T00:00:00,2,Ярославль,3810,Светлана,Козлова,8,Лампочка LED,4,1200
298,d07301578c247659614dd878d1816a5a,2023-04-13T00:00:00,0,Москва,9510,Надежда,Лебедева,7,Средство для мытья посуды,1,200
299,c6652013f6933af1d87984b2deade1ed,2023-04-13T00:00:00,0,Москва,3715,Светлана,Павлова,3,Устройство для нагревания табака Трубка Мира,1,500
300,fc1104d891568078a5e40c56f00d6d5a,2023-04-13T00:00:00,1,Ростов,3416,Светлана,Алексеева,2,Молоко 5%,2,300
301,fec0f352ec8b8fc80e9a6cd53eb71c6c,2023-04-13T00:00:00,2,Ярославль,1900,Евгений,Новиков,7,Средство для мытья посуды,4,800
302,8f7c0952f88a5b560e9abe2878fa282c,2023-04-13T00:00:00,2,Ярославль,4917,Екатерина,Орлова,10,Томаты,5,250
303,cf2d70f4dd781de16eeb37dd5312a439,2023-04-13T00:00:00,1,Ростов,5211,Оксана,Морозова,2,Молоко 5%,5,750
304,f8b232707f5f420215fd728688b7ff35,2023-04-13T00:00:00,2,Ярославль,5703,Александр,Соколов,5,Яблоко молодильное,3,1200
305,eb1bb17cb9f2ffc53f8f3b8233c746e7,2023-04-13T00:00:00,2,Ярославль,7416,Анна,Алексеева,2,Молоко 5%,3,450
306,1fd65a0170d1e9130dbefe26b5d8fe46,2023-04-13T00:00:00,1,Ростов,5515,Оксана,Лебедева,10,Томаты,1,50
307,6cabb6a6725e8b21869b07f865c6d0ea,2023-04-13T00:00:00,0,Москва,1811,Евгения,Козлова,9,Ручка шариковая,4,180
308,8fe3afbbdfccd5d7a45750df0ec01257,2023-04-13T00:00:00,0,Москва,909,Иван,Новиков,1,Молоко 3%,1,120
309,a54f02569d2f454e85ae5138eb0f7ab0,2023-04-13T00:00:00,2,Ярославль,3412,Светлана,Алексеева,10,Томаты,2,100
310,2786e857ee9e48c76bbbff1be453fb85,2023-04-13T00:00:00,2,Ярославль,4204,Сергей,Сидоров,0,Молоко 1%,5,500
311,a41a338e1b523d3103e888a617e84003,2023-04-13T00:00:00,1,Ростов,9012,Надежда,Великая,3,Устройство для нагревания табака Трубка Мира,2,1000
312,b7765d8715146921c9d1d508a74d8116,2023-04-13T00:00:00,1,Ростов,6811,Елизавета,Козлова,7,Средство для мытья посуды,2,400
313,480e65a876111ca970becbb72bf520d0,2023-04-13T00:00:00,2,Ярославль,6201,Алексей,Сидоров,2,Молоко 5%,4,600
314,90b1b206a97e6222859bfe1a3a8c8770,2023-04-13T00:00:00,1,Ростов,8208,Геннадий,Сидоров,11,Хлеб ржаной,5,100
315,08bedb39c9d390f7f36a8c76e11fa94e,2023-04-13T00:00:00,1,Ростов,6707,Алексей,Соколов,0,Молоко 1%,3,300
316,7ae3395fc83abb0732170e5c99fe19df,2023-04-13T00:00:00,0,Москва,5707,Александр,Соколов,10,Томаты,1,50
317,b5742a7ad7c726044595add5dc4d66e9,2023-04-13T00:00:00,0,Москва,6911,Елизавета,Орлова,8,Лампочка LED,2,600
318,7bb2684cbb65a5305c309b10c4eb1a64,2023-04-13T00:00:00,0,Москва,3005,Олег,Иванов,1,Молоко 3%,3,360
319,89935ff72f1d710ebb3914f079489c1e,2023-04-13T00:00:00,1,Ростов,4604,Сергей,Васильев,2,Молоко 5%,1,150
320,301d89faaba54ed4854eaae172f0acee,2023-04-13T00:00:00,1,Ростов,1211,Евгения,Морозова,0,Молоко 1%,2,200
321,f070994f6792d251cbf6bd0f4725f296,2023-04-13T00:00:00,1,Ростов,5100,Александр,Петров,8,Лампочка LED,1,300
322,9d9690bc1e61d5b03696d91f351c15ac,2023-04-13T00:00:00,1,Ростов,6108,Алексей,Петров,5,Яблоко молодильное,5,2000
323,0eb4e302972d0aac25c4db91bc089c27,2023-04-13T00:00:00,2,Ярославль,1109,Евгений,Петров,0,Молоко 1%,3,300
324,0f8ff7e540cb638cb5131cc509f182ef,2023-04-13T00:00:00,1,Ростов,604,Иван,Васильев,9,Ручка шариковая,4,180
325,5ba7706a6a11fb3a55bb712a551ad40e,2023-04-13T00:00:00,1,Ростов,1407,Евгений,Кузнецов,7,Средство для мытья посуды,3,600
326,843bac5a0c6b1cccdae73be41b9e0c5e,2023-04-13T00:00:00,0,Москва,908,Иван,Новиков,7,Средство для мытья посуды,2,400
327,0291e732384206505bb6c076f8daa04a,2023-04-13T00:00:00,1,Ростов,3105,Олег,Петров,1,Молоко 3%,1,120
328,37d2a1fc4c26f1598941848c638e1848,2023-04-13T00:00:00,2,Ярославль,8300,Геннадий,Смирнов,6,Яблоко,1,140
329,16511cfdc8906f3a936080f3035c3c98,2023-04-13T00:00:00,2,Ярославль,9310,Надежда,Волкова,1,Молоко 3%,5,600
330,286ba88893b02f70e511f9352121616c,2023-04-13T00:00:00,2,Ярославль,5909,Александр,Новиков,5,Яблоко молодильное,5,2000
331,29e3c943006eaa5d0157e8b973209486,2023-04-13T00:00:00,0,Москва,2218,Ольга,Морозова,0,Молоко 1%,3,300
332,71b1688762ce0d4bdb3e721bcd593692,2023-04-13T00:00:00,1,Ростов,517,Александра,Лебедева,11,Хлеб ржаной,4,80
333,0fbf38b00f26e63116380d6cabea797f,2023-04-13T00:00:00,2,Ярославль,9401,Эдуард,Кузнецов,2,Молоко 5%,4,600
334,ee0b1e5edff43911e000e0eb329e3d5a,2023-04-13T00:00:00,2,Ярославль,5712,Оксана,Павлова,11,Хлеб ржаной,3,60
335,9393ac4d50502d0ed263bb9316307fcc,2023-04-13T00:00:00,1,Ростов,6314,Елизавета,Волкова,5,Яблоко молодильное,2,800
336,f92343e183dd3cc3dcea1643f8393695,2023-04-13T00:00:00,2,Ярославль,6902,Алексей,Новиков,11,Хлеб ржаной,2,40
337,f47d0cd415cc9be824792d900a7ec1e2,2023-04-13T00:00:00,1,Ростов,6410,Елизавета,Алексеева,5,Яблоко молодильное,5,2000
338,f1c3c390a0fc4756098bd4e4dea8b42e,2023-04-13T00:00:00,2,Ярославль,2016,Ольга,Великая,2,Молоко 5%,3,450
339,cab28b0a12b9accd1786314ecee875fe,2023-04-13T00:00:00,1,Ростов,8418,Снежанна,Алексеева,6,Яблоко,2,280
340,b5a0c883a34bd8e652e3059b7899995c,2023-04-13T00:00:00,0,Москва,5300,Александр,Смирнов,5,Яблоко молодильное,4,1600
341,31e21d446ffedae8dda502ab24129c22,2023-04-13T00:00:00,0,Москва,4012,Екатерина,Великая,3,Устройство для нагревания табака Трубка Мира,4,2000
342,feb97df39afae45f5b8ff2f9d3c031b6,2023-04-13T00:00:00,1,Ростов,1918,Евгения,Орлова,0,Молоко 1%,3,300
343,07fd1c89308381935b6f70780c5dc84c,2023-04-13T00:00:00,0,Москва,9615,Надежда,Егорова,3,Устройство для нагревания табака Трубка Мира,4,2000
344,cd400abec56cdb3a3cf0eb42b1a907cd,2023-04-13T00:00:00,2,Ярославль,4312,Екатерина,Волкова,3,Устройство для нагревания табака Трубка Мира,2,1000
345,3693d05ed2ea20714366bd4723522eb1,2023-04-13T00:00:00,2,Ярославль,2408,Петр,Кузнецов,6,Яблоко,5,700
346,7e043aad6f6cabd012d3ef9337991a80,2023-04-13T00:00:00,1,Ростов,2917,Ольга,Орлова,4,Сахар песок,5,250
347,57e156efe66c9c7071621983131caec7,2023-04-13T00:00:00,2,Ярославль,3,Иван,Иванов,9,Ручка шариковая,1,45
348,573a84cc619a628ba4cf7eb9cdce4dba,2023-04-13T00:00:00,0,Москва,8605,Геннадий,Васильев,1,Молоко 3%,1,120
349,dac18e545687b4518d6bd098452be091,2023-04-13T00:00:00,1,Ростов,2713,Ольга,Павлова,0,Молоко 1%,1,100
350,26aaff13d2a961eb51035d6a5d991458,2023-04-13T00:00:00,0,Москва,6406,Алексей,Кузнецов,4,Сахар песок,1,50
351,84399dbae0e79bb2e95b8ac1cf4b3a41,2023-04-13T00:00:00,0,Москва,1302,Евгений,Смирнов,4,Сахар песок,2,100
352,4a75da522370f84bc5ce14a695c83759,2023-04-13T00:00:00,0,Москва,8300,Геннадий,Смирнов,11,Хлеб ржаной,3,60
353,51c06635a1235c9745fe14e5f1a758dd,2023-04-13T00:00:00,0,Москва,7507,Константин,Попов,6,Яблоко,5,700
354,cd13469c3dd837edc3a43b919ba39c86,2023-04-13T00:00:00,0,Москва,1506,Евгений,Попов,0,Молоко 1%,4,400
355,f1d6ee61180a656373df0a589cfb9e5a,2023-04-13T00:00:00,1,Ростов,3512,Светлана,Лебедева,2,Молоко 5%,3,450
356,dd224fb9ea73bfa0e46ba878e71f4046,2023-04-13T00:00:00,1,Ростов,702,Иван,Соколов,9,Ручка шариковая,3,135
357,2cfa70608cdb1429bbc4a07d210be511,2023-04-13T00:00:00,0,Москва,7809,Константин,Михайлов,0,Молоко 1%,4,400
358,78a163e0010ef0d21a8048ea4fedf00c,2023-04-13T00:00:00,2,Ярославль,1302,Евгений,Смирнов,11,Хлеб ржаной,4,80
359,cfc7ca5af119522305e9991ba321bba4,2023-04-13T00:00:00,2,Ярославль,9305,Эдуард,Смирнов,2,Молоко 5%,4,600
360,41160105359277e4c3ab6ea71b88057c,2023-04-13T00:00:00,0,Москва,7314,Анна,Волкова,4,Сахар песок,4,200
361,2cd4ec6a9d08cd80bb7f80e09d0b205a,2023-04-13T00:00:00,0,Москва,19,Александра,Великая,4,Сахар песок,5,250
362,604a293927372ff11056079cbece2a0d,2023-04-13T00:00:00,2,Ярославль,1013,Евгения,Великая,0,Молоко 1%,1,100
363,78e797dee4e506fb647732fa36a88ea0,2023-04-13T00:00:00,0,Москва,6912,Елизавета,Орлова,9,Ручка шариковая,4,180
364,3373e193041fba7b068413431adc18f7,2023-04-13T00:00:00,0,Москва,4510,Екатерина,Лебедева,0,Молоко 1%,3,300
365,e6a337a2559405a7bbb8d280c7de5707,2023-04-13T00:00:00,2,Ярославль,4517,Екатерина,Лебедева,11,Хлеб ржаной,1,20
366,6da5e10e62f1166f65eafa55deff263c,2023-04-13T00:00:00,0,Москва,6501,Алексей,Попов,9,Ручка шариковая,5,225
367,bfc0f0459f05203d788f74b11e8933aa,2023-04-13T00:00:00,0,Москва,7010,Анна,Великая,6,Яблоко,4,560
368,58099c87f1db9e8dc4cad94fefa6dc84,2023-04-13T00:00:00,2,Ярославль,3206,Олег,Сидоров,6,Яблоко,1,140
369,2fb3fd2528615b3e581ace0895289c03,2023-04-13T00:00:00,1,Ростов,8013,Снежанна,Великая,6,Яблоко,3,420
370,72ab71e2b0db2374fbb77191a46d6057,2023-04-13T00:00:00,1,Ростов,200,Иван,Сидоров,9,Ручка шариковая,4,180
371,cc09f991b7c37d8eeee94fb70a9c4da6,2023-04-13T00:00:00,1,Ростов,1615,Евгения,Егорова,8,Лампочка LED,2,600
372,1e35694dc7e9bb35af0370576db6d98b,2023-04-13T00:00:00,1,Ростов,5414,Оксана,Алексеева,9,Ручка шариковая,3,135
373,147847deec6272dd637546518c721e90,2023-04-13T00:00:00,1,Ростов,6301,Алексей,Смирнов,11,Хлеб ржаной,1,20
374,f9566467429e7669b8a6f3e825a54afc,2023-04-13T00:00:00,1,Ростов,7406,Константин,Кузнецов,8,Лампочка LED,4,1200
375,24d062a0fc261cdefcdf245ec746543a,2023-04-13T00:00:00,0,Москва,8713,Снежанна,Павлова,6,Яблоко,1,140
376,461bc9c89c30f953292586855c21d5fd,2023-04-13T00:00:00,2,Ярославль,306,Иван,Смирнов,1,Молоко 3%,2,240
377,75bcf457e165a23bb09acb59721c68f0,2023-04-13T00:00:00,0,Москва,7311,Анна,Волкова,7,Средство для мытья посуды,2,400
378,a1b03d1dc5a2d0edd6bfcabe1256aeae,2023-04-13T00:00:00,0,Москва,8119,Снежанна,Федорова,11,Хлеб ржаной,2,40
379,dceb7e0169cefc754f61d250037637a6,2023-04-13T00:00:00,0,Москва,418,Александра,Алексеева,10,Томаты,5,250
380,56ed8dfa55e2bfc8ecae4409acbe90be,2023-04-13T00:00:00,2,Ярославль,5107,Александр,Петров,0,Молоко 1%,3,300
381,8154a115ee98e08629879c23fb8322ef,2023-04-13T00:00:00,0,Москва,5019,Оксана,Великая,3,Устройство для нагревания табака Трубка Мира,3,1500
382,64d8b9b0ca0741f0bd25c68dd41284ce,2023-04-13T00:00:00,1,Ростов,118,Александра,Федорова,11,Хлеб ржаной,1,20
383,52f02cb362035d1990efa9d08685fa11,2023-04-13T00:00:00,1,Ростов,2614,Ольга,Егорова,4,Сахар песок,4,200
384,9690a1f0a2407d506aa196663148a958,2023-04-13T00:00:00,1,Ростов,205,Иван,Сидоров,11,Хлеб ржаной,1,20
385,166ab2852f472c4780397c963ed2e94f,2023-04-13T00:00:00,2,Ярославль,6114,Елизавета,Федорова,0,Молоко 1%,5,500
386,a5f4da8f4981352e3453284d5693483d,2023-04-13T00:00:00,2,Ярославль,6708,Алексей,Соколов,8,Лампочка LED,2,600
387,e09686457160d03f942ed4e10b6576cb,2023-04-13T00:00:00,0,Москва,1,Иван,Иванов,2,Молоко 5%,3,450
388,3ec7883e89def87063ab2e49138e18f4,2023-04-13T00:00:00,2,Ярославль,2819,Ольга,Козлова,3,Устройство для нагревания табака Трубка Мира,4,2000
389,4a870cef87124871ab152c22eb40173d,2023-04-13T00:00:00,1,Ростов,3108,Олег,Петров,10,Томаты,3,150
390,08ca603e46ad3bf28804b30bae0c7c70,2023-04-13T00:00:00,0,Москва,4601,Сергей,Васильев,6,Яблоко,2,280
391,598f59730608fab143ae7a7ed0e00b5c,2023-04-13T00:00:00,1,Ростов,8615,Снежанна,Егорова,4,Сахар песок,2,100
392,82e9653955f9730fad5794f5bfc2c230,2023-04-13T00:00:00,2,Ярославль,3912,Светлана,Орлова,5,Яблоко молодильное,1,400
393,0e0e392969633a1598a67393d5e4c8d8,2023-04-13T00:00:00,0,Москва,5106,Александр,Петров,9,Ручка шариковая,1,45
394,d7e5d82ec881b62d5eae3bd99d48de2f,2023-04-13T00:00:00,1,Ростов,7207,Константин,Сидоров,1,Молоко 3%,4,480
395,1e54820f98e86de8afa3d07478d7636a,2023-04-13T00:00:00,1,Ростов,5103,Александр,Петров,1,Молоко 3%,1,120
396,18f62fd5649ec746b06b0fc18647983f,2023-04-13T00:00:00,1,Ростов,7716,Анна,Павлова,4,Сахар песок,3,150
397,bf848a80856be39dab8962cd491001ca,2023-04-13T00:00:00,1,Ростов,2603,Петр,Васильев,3,Устройство для нагревания табака Трубка Мира,1,500
398,6b27c75ba30959325425172a31d120cd,2023-04-13T00:00:00,0,Москва,3414,Светлана,Алексеева,4,Сахар песок,5,250
399,a1e755dfb1b79e5eed9f92283a139ec3,2023-04-13T00:00:00,1,Ростов,9102,Эдуард,Петров,1,Молоко 3%,3,360
400,93c1fbd190bb444ce51ee2b43f8f762a,2023-04-13T00:00:00,0,Москва,7713,Анна,Павлова,11,Хлеб ржаной,4,80
401,aef94a50cbe55445c7fcb772269765a3,2023-04-13T00:00:00,0,Москва,7616,Анна,Егорова,2,Молоко 5%,3,450
402,626788232c48dddf63b8ca89a90ea84a,2023-04-13T00:00:00,1,Ростов,1606,Евгений,Васильев,4,Сахар песок,2,100
403,75588006cbf9845de29f74b6dca579fc,2023-04-13T00:00:00,0,Москва,7215,Анна,Морозова,4,Сахар песок,5,250
404,30e11040c42c818842ba836357847717,2023-04-13T00:00:00,0,Москва,4112,Екатерина,Федорова,1,Молоко 3%,1,120
405,755166f013bd590fbfa956875abb3866,2023-04-13T00:00:00,1,Ростов,6602,Алексей,Васильев,1,Молоко 3%,3,360
406,5b483f8242e6a9087fceef2005bda890,2023-04-13T00:00:00,1,Ростов,710,Александра,Павлова,0,Молоко 1%,3,300
407,a69c5f179ed35faf12f187dcd4459dd7,2023-04-13T00:00:00,0,Москва,5413,Оксана,Алексеева,0,Молоко 1%,4,400
408,8025e9609a10c9006e6c8304242188ec,2023-04-13T00:00:00,0,Москва,2407,Петр,Кузнецов,1,Молоко 3%,2,240
409,32b49729312665caac019fbb7a50c733,2023-04-13T00:00:00,1,Ростов,2000,Петр,Иванов,6,Яблоко,3,420
410,8c584df973859958f8ee699fa5950f70,2023-04-13T00:00:00,2,Ярославль,8010,Снежанна,Великая,6,Яблоко,3,420
411,0a8aa09ab40b9c7341133f555f09c5c4,2023-04-13T00:00:00,1,Ростов,6110,Елизавета,Федорова,0,Молоко 1%,2,200
412,9072c0c8760051baf5e06f431143adde,2023-04-13T00:00:00,2,Ярославль,1901,Евгений,Новиков,9,Ручка шариковая,5,225
413,2b22eacc902554859dcaa2dad06f9066,2023-04-13T00:00:00,2,Ярославль,400,Иван,Кузнецов,0,Молоко 1%,1,100
414,a1abf823d06fb6e59ebb6069b33c47d4,2023-04-13T00:00:00,1,Ростов,7205,Константин,Сидоров,0,Молоко 1%,2,200
415,962b4c803b4440a349462dbbabb6df82,2023-04-13T00:00:00,1,Ростов,6408,Алексей,Кузнецов,2,Молоко 5%,2,300
416,7ce8ae4a4ff648dde254b3a4000e4cee,2023-04-13T00:00:00,2,Ярославль,509,Иван,Попов,6,Яблоко,2,280
417,ff402ba349c23e40102de33cd6d2dfd6,2023-04-13T00:00:00,0,Москва,2518,Ольга,Лебедева,0,Молоко 1%,1,100
418,dbaaac44f7fa38e487f0b15b7af5640d,2023-04-13T00:00:00,0,Москва,5808,Александр,Михайлов,4,Сахар песок,2,100
419,73ab70d4f72449d8baa4e6d18a904c39,2023-04-13T00:00:00,0,Москва,7111,Анна,Федорова,5,Яблоко молодильное,4,1600
420,63f574603c15f1a811b4d0840fcfa15f,2023-04-13T00:00:00,1,Ростов,7701,Константин,Соколов,3,Устройство для нагревания табака Трубка Мира,5,2500
421,53a9f212db97a167f439a46a1dbc0db1,2023-04-13T00:00:00,1,Ростов,8707,Геннадий,Соколов,4,Сахар песок,1,50
422,6a52dc7c47ef3dd36f1710c6100c2c8a,2023-04-13T00:00:00,1,Ростов,6604,Алексей,Васильев,6,Яблоко,4,560
423,b5148f9a0d4339cdb034e635fe0134cc,2023-04-13T00:00:00,1,Ростов,5104,Александр,Петров,4,Сахар песок,1,50
424,68f712269df35dd8d589669180177e58,2023-04-13T00:00:00,2,Ярославль,7110,Анна,Федорова,11,Хлеб ржаной,2,40
425,2e1614dae5be9f151d9f673690f1867c,2023-04-13T00:00:00,2,Ярославль,3608,Олег,Васильев,5,Яблоко молодильное,1,400
426,a1442dfe3edf76ef4b8afd5d76b0a755,2023-04-13T00:00:00,2,Ярославль,7211,Анна,Морозова,6,Яблоко,4,560
427,b69b7a0ea90776ec48d5a167663102d4,2023-04-13T00:00:00,0,Москва,2605,Петр,Васильев,2,Молоко 5%,1,150
428,85055496757d43cae004535a2b3e98a2,2023-04-13T00:00:00,0,Москва,8312,Снежанна,Волкова,9,Ручка шариковая,1,45
429,6ec80fb738994e4fa220229fb996c753,2023-04-13T00:00:00,0,Москва,1803,Евгений,Михайлов,2,Молоко 5%,2,300
430,68e7f645431f7c62bbab4471758b8861,2023-04-13T00:00:00,1,Ростов,5111,Оксана,Федорова,7,Средство для мытья посуды,1,200
431,0a29de7b07a6742699540796d0cafed2,2023-04-13T00:00:00,1,Ростов,3114,Светлана,Федорова,10,Томаты,1,50
432,806915e129b8fea4f8b6cc310456aae7,2023-04-13T00:00:00,1,Ростов,606,Иван,Васильев,4,Сахар песок,2,100
433,7f0e5dd0712e3b5be0ba50004b1ec199,2023-04-13T00:00:00,2,Ярославль,3514,Светлана,Лебедева,6,Яблоко,3,420
434,48ab1015ad64864aee2ad7e142497bcb,2023-04-13T00:00:00,1,Ростов,1412,Евгения,Алексеева,2,Молоко 5%,1,150
435,23c19bd654d9a8930d2109baa787f360,2023-04-13T00:00:00,0,Москва,2809,Петр,Михайлов,3,Устройство для нагревания табака Трубка Мира,2,1000
436,eba7dbee49656314a5cf53aa84668be3,2023-04-13T00:00:00,2,Ярославль,2501,Петр,Попов,4,Сахар песок,5,250
437,5b094170ec941f056263890bd96c4d46,2023-04-13T00:00:00,0,Москва,5814,Оксана,Козлова,0,Молоко 1%,3,300
438,97e15c353152736ec01843a48ad7f6ea,2023-04-13T00:00:00,2,Ярославль,7705,Константин,Соколов,5,Яблоко молодильное,5,2000
439,16a80d63aba28121e7732914743f1dc3,2023-04-13T00:00:00,1,Ростов,2109,Петр,Петров,5,Яблоко молодильное,2,800
440,b29cfa651d5a04e5513662e5e11bb5a5,2023-04-13T00:00:00,0,Москва,2303,Петр,Смирнов,3,Устройство для нагревания табака Трубка Мира,2,1000
441,5b592f69df2c960e98c40d3615ecfa5c,2023-04-13T00:00:00,2,Ярославль,3001,Олег,Иванов,11,Хлеб ржаной,4,80
442,35570ca4db34c7315bd4f556d162319b,2023-04-13T00:00:00,1,Ростов,7619,Анна,Егорова,11,Хлеб ржаной,3,60
443,cef9d21d325839e23938ee4f3704dca7,2023-04-13T00:00:00,1,Ростов,4510,Екатерина,Лебедева,8,Лампочка LED,4,1200
444,302ad7a8419a4eaf0f600d19397845f9,2023-04-13T00:00:00,0,Москва,7807,Константин,Михайлов,5,Яблоко молодильное,1,400
445,d6f48c72077e6ca1c0ea41e3641c91b8,2023-04-13T00:00:00,0,Москва,509,Иван,Попов,11,Хлеб ржаной,1,20
446,f7d77eda0d09216d2ab766733cd5bebc,2023-04-13T00:00:00,0,Москва,1209,Евгений,Сидоров,5,Яблоко молодильное,5,2000
447,e145dcb9545090cd3792823781d35961,2023-04-13T00:00:00,2,Ярославль,3918,Светлана,Орлова,2,Молоко 5%,3,450
448,946e7dd362813ddb84e17fa464aa7c8f,2023-04-13T00:00:00,2,Ярославль,5812,Оксана,Козлова,0,Молоко 1%,4,400
449,bac86773a1e8e41336c871688c8b8867,2023-04-13T00:00:00,0,Москва,2114,Ольга,Федорова,1,Молоко 3%,2,240
450,6e980b31e3857b030a70fe88d9a66053,2023-04-13T00:00:00,1,Ростов,4500,Сергей,Попов,6,Яблоко,1,140
451,b20e707bb42975994261a202558a21f1,2023-04-13T00:00:00,2,Ярославль,8705,Геннадий,Соколов,8,Лампочка LED,3,900
452,fc1104d891568078a5e40c56f00d6d5a,2023-04-13T00:00:00,1,Ростов,3416,Светлана,Алексеева,2,Молоко 5%,2,300
453,fec0f352ec8b8fc80e9a6cd53eb71c6c,2023-04-13T00:00:00,2,Ярославль,1900,Евгений,Новиков,7,Средство для мытья посуды,4,800
454,8f7c0952f88a5b560e9abe2878fa282c,2023-04-13T00:00:00,2,Ярославль,4917,Екатерина,Орлова,10,Томаты,5,250
455,cf2d70f4dd781de16eeb37dd5312a439,2023-04-13T00:00:00,1,Ростов,5211,Оксана,Морозова,2,Молоко 5%,5,750
456,f8b232707f5f420215fd728688b7ff35,2023-04-13T00:00:00,2,Ярославль,5703,Александр,Соколов,5,Яблоко молодильное,3,1200
457,eb1bb17cb9f2ffc53f8f3b8233c746e7,2023-04-13T00:00:00,2,Ярославль,7416,Анна,Алексеева,2,Молоко 5%,3,450
458,1fd65a0170d1e9130dbefe26b5d8fe46,2023-04-13T00:00:00,1,Ростов,5515,Оксана,Лебедева,10,Томаты,1,50
459,6cabb6a6725e8b21869b07f865c6d0ea,2023-04-13T00:00:00,0,Москва,1811,Евгения,Козлова,9,Ручка шариковая,4,180
460,8fe3afbbdfccd5d7a45750df0ec01257,2023-04-13T00:00:00,0,Москва,909,Иван,Новиков,1,Молоко 3%,1,120
461,a54f02569d2f454e85ae5138eb0f7ab0,2023-04-13T00:00:00,2,Ярославль,3412,Светлана,Алексеева,10,Томаты,2,100
462,2786e857ee9e48c76bbbff1be453fb85,2023-04-13T00:00:00,2,Ярославль,4204,Сергей,Сидоров,0,Молоко 1%,5,500
463,a41a338e1b523d3103e888a617e84003,2023-04-13T00:00:00,1,Ростов,9012,Надежда,Великая,3,Устройство для нагревания табака Трубка Мира,2,1000
464,b7765d8715146921c9d1d508a74d8116,2023-04-13T00:00:00,1,Ростов,6811,Елизавета,Козлова,7,Средство для мытья посуды,2,400
465,480e65a876111ca970becbb72bf520d0,2023-04-13T00:00:00,2,Ярославль,6201,Алексей,Сидоров,2,Молоко 5%,4,600
466,90b1b206a97e6222859bfe1a3a8c8770,2023-04-13T00:00:00,1,Ростов,8208,Геннадий,Сидоров,11,Хлеб ржаной,5,100
467,08bedb39c9d390f7f36a8c76e11fa94e,2023-04-13T00:00:00,1,Ростов,6707,Алексей,Соколов,0,Молоко 1%,3,300
468,7ae3395fc83abb0732170e5c99fe19df,2023-04-13T00:00:00,0,Москва,5707,Александр,Соколов,10,Томаты,1,50
469,b5742a7ad7c726044595add5dc4d66e9,2023-04-13T00:00:00,0,Москва,6911,Елизавета,Орлова,8,Лампочка LED,2,600
470,7bb2684cbb65a5305c309b10c4eb1a64,2023-04-13T00:00:00,0,Москва,3005,Олег,Иванов,1,Молоко 3%,3,360
471,89935ff72f1d710ebb3914f079489c1e,2023-04-13T00:00:00,1,Ростов,4604,Сергей,Васильев,2,Молоко 5%,1,150
472,301d89faaba54ed4854eaae172f0acee,2023-04-13T00:00:00,1,Ростов,1211,Евгения,Морозова,0,Молоко 1%,2,200
473,f070994f6792d251cbf6bd0f4725f296,2023-04-13T00:00:00,1,Ростов,5100,Александр,Петров,8,Лампочка LED,1,300
474,9d9690bc1e61d5b03696d91f351c15ac,2023-04-13T00:00:00,1,Ростов,6108,Алексей,Петров,5,Яблоко молодильное,5,2000
475,0eb4e302972d0aac25c4db91bc089c27,2023-04-13T00:00:00,2,Ярославль,1109,Евгений,Петров,0,Молоко 1%,3,300
476,0f8ff7e540cb638cb5131cc509f182ef,2023-04-13T00:00:00,1,Ростов,604,Иван,Васильев,9,Ручка шариковая,4,180
477,5ba7706a6a11fb3a55bb712a551ad40e,2023-04-13T00:00:00,1,Ростов,1407,Евгений,Кузнецов,7,Средство для мытья посуды,3,600
478,843bac5a0c6b1cccdae73be41b9e0c5e,2023-04-13T00:00:00,0,Москва,908,Иван,Новиков,7,Средство для мытья посуды,2,400
479,0291e732384206505bb6c076f8daa04a,2023-04-13T00:00:00,1,Ростов,3105,Олег,Петров,1,Молоко 3%,1,120
480,37d2a1fc4c26f1598941848c638e1848,2023-04-13T00:00:00,2,Ярославль,8300,Геннадий,Смирнов,6,Яблоко,1,140
481,16511cfdc8906f3a936080f3035c3c98,2023-04-13T00:00:00,2,Ярославль,9310,Надежда,Волкова,1,Молоко 3%,5,600
482,286ba88893b02f70e511f9352121616c,2023-04-13T00:00:00,2,Ярославль,5909,Александр,Новиков,5,Яблоко молодильное,5,2000
483,29e3c943006eaa5d0157e8b973209486,2023-04-13T00:00:00,0,Москва,2218,Ольга,Морозова,0,Молоко 1%,3,300
484,71b1688762ce0d4bdb3e721bcd593692,2023-04-13T00:00:00,1,Ростов,517,Александра,Лебедева,11,Хлеб ржаной,4,80
485,0fbf38b00f26e63116380d6cabea797f,2023-04-13T00:00:00,2,Ярославль,9401,Эдуард,Кузнецов,2,Молоко 5%,4,600
486,ee0b1e5edff43911e000e0eb329e3d5a,2023-04-13T00:00:00,2,Ярославль,5712,Оксана,Павлова,11,Хлеб ржаной,3,60
487,9393ac4d50502d0ed263bb9316307fcc,2023-04-13T00:00:00,1,Ростов,6314,Елизавета,Волкова,5,Яблоко молодильное,2,800
488,f92343e183dd3cc3dcea1643f8393695,2023-04-13T00:00:00,2,Ярославль,6902,Алексей,Новиков,11,Хлеб ржаной,2,40
489,f47d0cd415cc9be824792d900a7ec1e2,2023-04-13T00:00:00,1,Ростов,6410,Елизавета,Алексеева,5,Яблоко молодильное,5,2000
490,f1c3c390a0fc4756098bd4e4dea8b42e,2023-04-13T00:00:00,2,Ярославль,2016,Ольга,Великая,2,Молоко 5%,3,450
491,cab28b0a12b9accd1786314ecee875fe,2023-04-13T00:00:00,1,Ростов,8418,Снежанна,Алексеева,6,Яблоко,2,280
492,b5a0c883a34bd8e652e3059b7899995c,2023-04-13T00:00:00,0,Москва,5300,Александр,Смирнов,5,Яблоко молодильное,4,1600
493,31e21d446ffedae8dda502ab24129c22,2023-04-13T00:00:00,0,Москва,4012,Екатерина,Великая,3,Устройство для нагревания табака Трубка Мира,4,2000
494,feb97df39afae45f5b8ff2f9d3c031b6,2023-04-13T00:00:00,1,Ростов,1918,Евгения,Орлова,0,Молоко 1%,3,300
495,07fd1c89308381935b6f70780c5dc84c,2023-04-13T00:00:00,0,Москва,9615,Надежда,Егорова,3,Устройство для нагревания табака Трубка Мира,4,2000
496,cd400abec56cdb3a3cf0eb42b1a907cd,2023-04-13T00:00:00,2,Ярославль,4312,Екатерина,Волкова,3,Устройство для нагревания табака Трубка Мира,2,1000
497,3693d05ed2ea20714366bd4723522eb1,2023-04-13T00:00:00,2,Ярославль,2408,Петр,Кузнецов,6,Яблоко,5,700
498,7e043aad6f6cabd012d3ef9337991a80,2023-04-13T00:00:00,1,Ростов,2917,Ольга,Орлова,4,Сахар песок,5,250
499,57e156efe66c9c7071621983131caec7,2023-04-13T00:00:00,2,Ярославль,3,Иван,Иванов,9,Ручка шариковая,1,45
500,573a84cc619a628ba4cf7eb9cdce4dba,2023-04-13T00:00:00,0,Москва,8605,Геннадий,Васильев,1,Молоко 3%,1,120
501,dac18e545687b4518d6bd098452be091,2023-04-13T00:00:00,1,Ростов,2713,Ольга,Павлова,0,Молоко 1%,1,100
502,26aaff13d2a961eb51035d6a5d991458,2023-04-13T00:00:00,0,Москва,6406,Алексей,Кузнецов,4,Сахар песок,1,50
503,84399dbae0e79bb2e95b8ac1cf4b3a41,2023-04-13T00:00:00,0,Москва,1302,Евгений,Смирнов,4,Сахар песок,2,100
504,4a75da522370f84bc5ce14a695c83759,2023-04-13T00:00:00,0,Москва,8300,Геннадий,Смирнов,11,Хлеб ржаной,3,60
505,51c06635a1235c9745fe14e5f1a758dd,2023-04-13T00:00:00,0,Москва,7507,Константин,Попов,6,Яблоко,5,700
506,cd13469c3dd837edc3a43b919ba39c86,2023-04-13T00:00:00,0,Москва,1506,Евгений,Попов,0,Молоко 1%,4,400
507,f1d6ee61180a656373df0a589cfb9e5a,2023-04-13T00:00:00,1,Ростов,3512,Светлана,Лебедева,2,Молоко 5%,3,450
508,dd224fb9ea73bfa0e46ba878e71f4046,2023-04-13T00:00:00,1,Ростов,702,Иван,Соколов,9,Ручка шариковая,3,135
509,2cfa70608cdb1429bbc4a07d210be511,2023-04-13T00:00:00,0,Москва,7809,Константин,Михайлов,0,Молоко 1%,4,400
510,78a163e0010ef0d21a8048ea4fedf00c,2023-04-13T00:00:00,2,Ярославль,1302,Евгений,Смирнов,11,Хлеб ржаной,4,80
511,cfc7ca5af119522305e9991ba321bba4,2023-04-13T00:00:00,2,Ярославль,9305,Эдуард,Смирнов,2,Молоко 5%,4,600
512,41160105359277e4c3ab6ea71b88057c,2023-04-13T00:00:00,0,Москва,7314,Анна,Волкова,4,Сахар песок,4,200
513,2cd4ec6a9d08cd80bb7f80e09d0b205a,2023-04-13T00:00:00,0,Москва,19,Александра,Великая,4,Сахар песок,5,250
514,604a293927372ff11056079cbece2a0d,2023-04-13T00:00:00,2,Ярославль,1013,Евгения,Великая,0,Молоко 1%,1,100
515,78e797dee4e506fb647732fa36a88ea0,2023-04-13T00:00:00,0,Москва,6912,Елизавета,Орлова,9,Ручка шариковая,4,180
516,3373e193041fba7b068413431adc18f7,2023-04-13T00:00:00,0,Москва,4510,Екатерина,Лебедева,0,Молоко 1%,3,300
517,e6a337a2559405a7bbb8d280c7de5707,2023-04-13T00:00:00,2,Ярославль,4517,Екатерина,Лебедева,11,Хлеб ржаной,1,20
518,6da5e10e62f1166f65eafa55deff263c,2023-04-13T00:00:00,0,Москва,6501,Алексей,Попов,9,Ручка шариковая,5,225
519,bfc0f0459f05203d788f74b11e8933aa,2023-04-13T00:00:00,0,Москва,7010,Анна,Великая,6,Яблоко,4,560
520,58099c87f1db9e8dc4cad94fefa6dc84,2023-04-13T00:00:00,2,Ярославль,3206,Олег,Сидоров,6,Яблоко,1,140
521,2fb3fd2528615b3e581ace0895289c03,2023-04-13T00:00:00,1,Ростов,8013,Снежанна,Великая,6,Яблоко,3,420
522,72ab71e2b0db2374fbb77191a46d6057,2023-04-13T00:00:00,1,Ростов,200,Иван,Сидоров,9,Ручка шариковая,4,180
523,cc09f991b7c37d8eeee94fb70a9c4da6,2023-04-13T00:00:00,1,Ростов,1615,Евгения,Егорова,8,Лампочка LED,2,600
524,1e35694dc7e9bb35af0370576db6d98b,2023-04-13T00:00:00,1,Ростов,5414,Оксана,Алексеева,9,Ручка шариковая,3,135
525,147847deec6272dd637546518c721e90,2023-04-13T00:00:00,1,Ростов,6301,Алексей,Смирнов,11,Хлеб ржаной,1,20
526,f9566467429e7669b8a6f3e825a54afc,2023-04-13T00:00:00,1,Ростов,7406,Константин,Кузнецов,8,Лампочка LED,4,1200
527,24d062a0fc261cdefcdf245ec746543a,2023-04-13T00:00:00,0,Москва,8713,Снежанна,Павлова,6,Яблоко,1,140
528,461bc9c89c30f953292586855c21d5fd,2023-04-13T00:00:00,2,Ярославль,306,Иван,Смирнов,1,Молоко 3%,2,240
529,75bcf457e165a23bb09acb59721c68f0,2023-04-13T00:00:00,0,Москва,7311,Анна,Волкова,7,Средство для мытья посуды,2,400
530,a1b03d1dc5a2d0edd6bfcabe1256aeae,2023-04-13T00:00:00,0,Москва,8119,Снежанна,Федорова,11,Хлеб ржаной,2,40
531,dceb7e0169cefc754f61d250037637a6,2023-04-13T00:00:00,0,Москва,418,Александра,Алексеева,10,Томаты,5,250
532,56ed8dfa55e2bfc8ecae4409acbe90be,2023-04-13T00:00:00,2,Ярославль,5107,Александр,Петров,0,Молоко 1%,3,300
533,8154a115ee98e08629879c23fb8322ef,2023-04-13T00:00:00,0,Москва,5019,Оксана,Великая,3,Устройство для нагревания табака Трубка Мира,3,1500
534,64d8b9b0ca0741f0bd25c68dd41284ce,2023-04-13T00:00:00,1,Ростов,118,Александра,Федорова,11,Хлеб ржаной,1,20
535,52f02cb362035d1990efa9d08685fa11,2023-04-13T00:00:00,1,Ростов,2614,Ольга,Егорова,4,Сахар песок,4,200
536,9690a1f0a2407d506aa196663148a958,2023-04-13T00:00:00,1,Ростов,205,Иван,Сидоров,11,Хлеб ржаной,1,20
537,166ab2852f472c4780397c963ed2e94f,2023-04-13T00:00:00,2,Ярославль,6114,Елизавета,Федорова,0,Молоко 1%,5,500
538,a5f4da8f4981352e3453284d5693483d,2023-04-13T00:00:00,2,Ярославль,6708,Алексей,Соколов,8,Лампочка LED,2,600
539,e09686457160d03f942ed4e10b6576cb,2023-04-13T00:00:00,0,Москва,1,Иван,Иванов,2,Молоко 5%,3,450
540,3ec7883e89def87063ab2e49138e18f4,2023-04-13T00:00:00,2,Ярославль,2819,Ольга,Козлова,3,Устройство для нагревания табака Трубка Мира,4,2000
541,4a870cef87124871ab152c22eb40173d,2023-04-13T00:00:00,1,Ростов,3108,Олег,Петров,10,Томаты,3,150
542,08ca603e46ad3bf28804b30bae0c7c70,2023-04-13T00:00:00,0,Москва,4601,Сергей,Васильев,6,Яблоко,2,280
543,598f59730608fab143ae7a7ed0e00b5c,2023-04-13T00:00:00,1,Ростов,8615,Снежанна,Егорова,4,Сахар песок,2,100
544,82e9653955f9730fad5794f5bfc2c230,2023-04-13T00:00:00,2,Ярославль,3912,Светлана,Орлова,5,Яблоко молодильное,1,400
545,0e0e392969633a1598a67393d5e4c8d8,2023-04-13T00:00:00,0,Москва,5106,Александр,Петров,9,Ручка шариковая,1,45
546,d7e5d82ec881b62d5eae3bd99d48de2f,2023-04-13T00:00:00,1,Ростов,7207,Константин,Сидоров,1,Молоко 3%,4,480
547,1e54820f98e86de8afa3d07478d7636a,2023-04-13T00:00:00,1,Ростов,5103,Александр,Петров,1,Молоко 3%,1,120
548,18f62fd5649ec746b06b0fc18647983f,2023-04-13T00:00:00,1,Ростов,7716,Анна,Павлова,4,Сахар песок,3,150
549,bf848a80856be39dab8962cd491001ca,2023-04-13T00:00:00,1,Ростов,2603,Петр,Васильев,3,Устройство для нагревания табака Трубка Мира,1,500
550,6b27c75ba30959325425172a31d120cd,2023-04-13T00:00:00,0,Москва,3414,Светлана,Алексеева,4,Сахар песок,5,250
551,a1e755dfb1b79e5eed9f92283a139ec3,2023-04-13T00:00:00,1,Ростов,9102,Эдуард,Петров,1,Молоко 3%,3,360
552,93c1fbd190bb444ce51ee2b43f8f762a,2023-04-13T00:00:00,0,Москва,7713,Анна,Павлова,11,Хлеб ржаной,4,80
553,aef94a50cbe55445c7fcb772269765a3,2023-04-13T00:00:00,0,Москва,7616,Анна,Егорова,2,Молоко 5%,3,450
554,626788232c48dddf63b8ca89a90ea84a,2023-04-13T00:00:00,1,Ростов,1606,Евгений,Васильев,4,Сахар песок,2,100
555,75588006cbf9845de29f74b6dca579fc,2023-04-13T00:00:00,0,Москва,7215,Анна,Морозова,4,Сахар песок,5,250
556,30e11040c42c818842ba836357847717,2023-04-13T00:00:00,0,Москва,4112,Екатерина,Федорова,1,Молоко 3%,1,120
557,755166f013bd590fbfa956875abb3866,2023-04-13T00:00:00,1,Ростов,6602,Алексей,Васильев,1,Молоко 3%,3,360
558,5b483f8242e6a9087fceef2005bda890,2023-04-13T00:00:00,1,Ростов,710,Александра,Павлова,0,Молоко 1%,3,300
559,a69c5f179ed35faf12f187dcd4459dd7,2023-04-13T00:00:00,0,Москва,5413,Оксана,Алексеева,0,Молоко 1%,4,400
560,8025e9609a10c9006e6c8304242188ec,2023-04-13T00:00:00,0,Москва,2407,Петр,Кузнецов,1,Молоко 3%,2,240
561,32b49729312665caac019fbb7a50c733,2023-04-13T00:00:00,1,Ростов,2000,Петр,Иванов,6,Яблоко,3,420
562,8c584df973859958f8ee699fa5950f70,2023-04-13T00:00:00,2,Ярославль,8010,Снежанна,Великая,6,Яблоко,3,420
563,0a8aa09ab40b9c7341133f555f09c5c4,2023-04-13T00:00:00,1,Ростов,6110,Елизавета,Федорова,0,Молоко 1%,2,200
564,9072c0c8760051baf5e06f431143adde,2023-04-13T00:00:00,2,Ярославль,1901,Евгений,Новиков,9,Ручка шариковая,5,225
565,2b22eacc902554859dcaa2dad06f9066,2023-04-13T00:00:00,2,Ярославль,400,Иван,Кузнецов,0,Молоко 1%,1,100
566,a1abf823d06fb6e59ebb6069b33c47d4,2023-04-13T00:00:00,1,Ростов,7205,Константин,Сидоров,0,Молоко 1%,2,200
567,962b4c803b4440a349462dbbabb6df82,2023-04-13T00:00:00,1,Ростов,6408,Алексей,Кузнецов,2,Молоко 5%,2,300
568,7ce8ae4a4ff648dde254b3a4000e4cee,2023-04-13T00:00:00,2,Ярославль,509,Иван,Попов,6,Яблоко,2,280
569,ff402ba349c23e40102de33cd6d2dfd6,2023-04-13T00:00:00,0,Москва,2518,Ольга,Лебедева,0,Молоко 1%,1,100
570,dbaaac44f7fa38e487f0b15b7af5640d,2023-04-13T00:00:00,0,Москва,5808,Александр,Михайлов,4,Сахар песок,2,100
571,73ab70d4f72449d8baa4e6d18a904c39,2023-04-13T00:00:00,0,Москва,7111,Анна,Федорова,5,Яблоко молодильное,4,1600
572,63f574603c15f1a811b4d0840fcfa15f,2023-04-13T00:00:00,1,Ростов,7701,Константин,Соколов,3,Устройство для нагревания табака Трубка Мира,5,2500
573,53a9f212db97a167f439a46a1dbc0db1,2023-04-13T00:00:00,1,Ростов,8707,Геннадий,Соколов,4,Сахар песок,1,50
574,6a52dc7c47ef3dd36f1710c6100c2c8a,2023-04-13T00:00:00,1,Ростов,6604,Алексей,Васильев,6,Яблоко,4,560
575,b5148f9a0d4339cdb034e635fe0134cc,2023-04-13T00:00:00,1,Ростов,5104,Александр,Петров,4,Сахар песок,1,50
576,68f712269df35dd8d589669180177e58,2023-04-13T00:00:00,2,Ярославль,7110,Анна,Федорова,11,Хлеб ржаной,2,40
577,2e1614dae5be9f151d9f673690f1867c,2023-04-13T00:00:00,2,Ярославль,3608,Олег,Васильев,5,Яблоко молодильное,1,400
578,a1442dfe3edf76ef4b8afd5d76b0a755,2023-04-13T00:00:00,2,Ярославль,7211,Анна,Морозова,6,Яблоко,4,560
579,b69b7a0ea90776ec48d5a167663102d4,2023-04-13T00:00:00,0,Москва,2605,Петр,Васильев,2,Молоко 5%,1,150
580,85055496757d43cae004535a2b3e98a2,2023-04-13T00:00:00,0,Москва,8312,Снежанна,Волкова,9,Ручка шариковая,1,45
581,6ec80fb738994e4fa220229fb996c753,2023-04-13T00:00:00,0,Москва,1803,Евгений,Михайлов,2,Молоко 5%,2,300
582,68e7f645431f7c62bbab4471758b8861,2023-04-13T00:00:00,1,Ростов,5111,Оксана,Федорова,7,Средство для мытья посуды,1,200
583,0a29de7b07a6742699540796d0cafed2,2023-04-13T00:00:00,1,Ростов,3114,Светлана,Федорова,10,Томаты,1,50
584,806915e129b8fea4f8b6cc310456aae7,2023-04-13T00:00:00,1,Ростов,606,Иван,Васильев,4,Сахар песок,2,100
585,7f0e5dd0712e3b5be0ba50004b1ec199,2023-04-13T00:00:00,2,Ярославль,3514,Светлана,Лебедева,6,Яблоко,3,420
586,48ab1015ad64864aee2ad7e142497bcb,2023-04-13T00:00:00,1,Ростов,1412,Евгения,Алексеева,2,Молоко 5%,1,150
587,23c19bd654d9a8930d2109baa787f360,2023-04-13T00:00:00,0,Москва,2809,Петр,Михайлов,3,Устройство для нагревания табака Трубка Мира,2,1000
588,eba7dbee49656314a5cf53aa84668be3,2023-04-13T00:00:00,2,Ярославль,2501,Петр,Попов,4,Сахар песок,5,250
589,5b094170ec941f056263890bd96c4d46,2023-04-13T00:00:00,0,Москва,5814,Оксана,Козлова,0,Молоко 1%,3,300
590,97e15c353152736ec01843a48ad7f6ea,2023-04-13T00:00:00,2,Ярославль,7705,Константин,Соколов,5,Яблоко молодильное,5,2000
591,16a80d63aba28121e7732914743f1dc3,2023-04-13T00:00:00,1,Ростов,2109,Петр,Петров,5,Яблоко молодильное,2,800
592,b29cfa651d5a04e5513662e5e11bb5a5,2023-04-13T00:00:00,0,Москва,2303,Петр,Смирнов,3,Устройство для нагревания табака Трубка Мира,2,1000
593,5b592f69df2c960e98c40d3615ecfa5c,2023-04-13T00:00:00,2,Ярославль,3001,Олег,Иванов,11,Хлеб ржаной,4,80
594,35570ca4db34c7315bd4f556d162319b,2023-04-13T00:00:00,1,Ростов,7619,Анна,Егорова,11,Хлеб ржаной,3,60
595,cef9d21d325839e23938ee4f3704dca7,2023-04-13T00:00:00,1,Ростов,4510,Екатерина,Лебедева,8,Лампочка LED,4,1200
596,302ad7a8419a4eaf0f600d19397845f9,2023-04-13T00:00:00,0,Москва,7807,Константин,Михайлов,5,Яблоко молодильное,1,400
597,d6f48c72077e6ca1c0ea41e3641c91b8,2023-04-13T00:00:00,0,Москва,509,Иван,Попов,11,Хлеб ржаной,1,20
598,f7d77eda0d09216d2ab766733cd5bebc,2023-04-13T00:00:00,0,Москва,1209,Евгений,Сидоров,5,Яблоко молодильное,5,2000
599,e145dcb9545090cd3792823781d35961,2023-04-13T00:00:00,2,Ярославль,3918,Светлана,Орлова,2,Молоко 5%,3,450
600,946e7dd362813ddb84e17fa464aa7c8f,2023-04-13T00:00:00,2,Ярославль,5812,Оксана,Козлова,0,Молоко 1%,4,400
601,bac86773a1e8e41336c871688c8b8867,2023-04-13T00:00:00,0,Москва,2114,Ольга,Федорова,1,Молоко 3%,2,240
602,6e980b31e3857b030a70fe88d9a66053,2023-04-13T00:00:00,1,Ростов,4500,Сергей,Попов,6,Яблоко,1,140
603,b20e707bb42975994261a202558a21f1,2023-04-13T00:00:00,2,Ярославль,8705,Геннадий,Соколов,8,Лампочка LED,3,900
604,fc1104d891568078a5e40c56f00d6d5a,2023-04-13T00:00:00,1,Ростов,3416,Светлана,Алексеева,2,Молоко 5%,2,300
605,fec0f352ec8b8fc80e9a6cd53eb71c6c,2023-04-13T00:00:00,2,Ярославль,1900,Евгений,Новиков,7,Средство для мытья посуды,4,800
606,8f7c0952f88a5b560e9abe2878fa282c,2023-04-13T00:00:00,2,Ярославль,4917,Екатерина,Орлова,10,Томаты,5,250
607,cf2d70f4dd781de16eeb37dd5312a439,2023-04-13T00:00:00,1,Ростов,5211,Оксана,Морозова,2,Молоко 5%,5,750
608,f8b232707f5f420215fd728688b7ff35,2023-04-13T00:00:00,2,Ярославль,5703,Александр,Соколов,5,Яблоко молодильное,3,1200
609,eb1bb17cb9f2ffc53f8f3b8233c746e7,2023-04-13T00:00:00,2,Ярославль,7416,Анна,Алексеева,2,Молоко 5%,3,450
610,1fd65a0170d1e9130dbefe26b5d8fe46,2023-04-13T00:00:00,1,Ростов,5515,Оксана,Лебедева,10,Томаты,1,50
611,6cabb6a6725e8b21869b07f865c6d0ea,2023-04-13T00:00:00,0,Москва,1811,Евгения,Козлова,9,Ручка шариковая,4,180
612,8fe3afbbdfccd5d7a45750df0ec01257,2023-04-13T00:00:00,0,Москва,909,Иван,Новиков,1,Молоко 3%,1,120
613,a54f02569d2f454e85ae5138eb0f7ab0,2023-04-13T00:00:00,2,Ярославль,3412,Светлана,Алексеева,10,Томаты,2,100
614,2786e857ee9e48c76bbbff1be453fb85,2023-04-13T00:00:00,2,Ярославль,4204,Сергей,Сидоров,0,Молоко 1%,5,500
615,a41a338e1b523d3103e888a617e84003,2023-04-13T00:00:00,1,Ростов,9012,Надежда,Великая,3,Устройство для нагревания табака Трубка Мира,2,1000
616,b7765d8715146921c9d1d508a74d8116,2023-04-13T00:00:00,1,Ростов,6811,Елизавета,Козлова,7,Средство для мытья посуды,2,400
617,480e65a876111ca970becbb72bf520d0,2023-04-13T00:00:00,2,Ярославль,6201,Алексей,Сидоров,2,Молоко 5%,4,600
618,90b1b206a97e6222859bfe1a3a8c8770,2023-04-13T00:00:00,1,Ростов,8208,Геннадий,Сидоров,11,Хлеб ржаной,5,100
619,08bedb39c9d390f7f36a8c76e11fa94e,2023-04-13T00:00:00,1,Ростов,6707,Алексей,Соколов,0,Молоко 1%,3,300
620,7ae3395fc83abb0732170e5c99fe19df,2023-04-13T00:00:00,0,Москва,5707,Александр,Соколов,10,Томаты,1,50
621,b5742a7ad7c726044595add5dc4d66e9,2023-04-13T00:00:00,0,Москва,6911,Елизавета,Орлова,8,Лампочка LED,2,600
622,7bb2684cbb65a5305c309b10c4eb1a64,2023-04-13T00:00:00,0,Москва,3005,Олег,Иванов,1,Молоко 3%,3,360
623,89935ff72f1d710ebb3914f079489c1e,2023-04-13T00:00:00,1,Ростов,4604,Сергей,Васильев,2,Молоко 5%,1,150
624,301d89faaba54ed4854eaae172f0acee,2023-04-13T00:00:00,1,Ростов,1211,Евгения,Морозова,0,Молоко 1%,2,200
625,f070994f6792d251cbf6bd0f4725f296,2023-04-13T00:00:00,1,Ростов,5100,Александр,Петров,8,Лампочка LED,1,300
626,9d9690bc1e61d5b03696d91f351c15ac,2023-04-13T00:00:00,1,Ростов,6108,Алексей,Петров,5,Яблоко молодильное,5,2000
627,0eb4e302972d0aac25c4db91bc089c27,2023-04-13T00:00:00,2,Ярославль,1109,Евгений,Петров,0,Молоко 1%,3,300
628,0f8ff7e540cb638cb5131cc509f182ef,2023-04-13T00:00:00,1,Ростов,604,Иван,Васильев,9,Ручка шариковая,4,180
629,5ba7706a6a11fb3a55bb712a551ad40e,2023-04-13T00:00:00,1,Ростов,1407,Евгений,Кузнецов,7,Средство для мытья посуды,3,600
630,843bac5a0c6b1cccdae73be41b9e0c5e,2023-04-13T00:00:00,0,Москва,908,Иван,Новиков,7,Средство для мытья посуды,2,400
631,0291e732384206505bb6c076f8daa04a,2023-04-13T00:00:00,1,Ростов,3105,Олег,Петров,1,Молоко 3%,1,120
632,37d2a1fc4c26f1598941848c638e1848,2023-04-13T00:00:00,2,Ярославль,8300,Геннадий,Смирнов,6,Яблоко,1,140
633,16511cfdc8906f3a936080f3035c3c98,2023-04-13T00:00:00,2,Ярославль,9310,Надежда,Волкова,1,Молоко 3%,5,600
634,286ba88893b02f70e511f9352121616c,2023-04-13T00:00:00,2,Ярославль,5909,Александр,Новиков,5,Яблоко молодильное,5,2000
635,29e3c943006eaa5d0157e8b973209486,2023-04-13T00:00:00,0,Москва,2218,Ольга,Морозова,0,Молоко 1%,3,300
636,71b1688762ce0d4bdb3e721bcd593692,2023-04-13T00:00:00,1,Ростов,517,Александра,Лебедева,11,Хлеб ржаной,4,80
637,0fbf38b00f26e63116380d6cabea797f,2023-04-13T00:00:00,2,Ярославль,9401,Эдуард,Кузнецов,2,Молоко 5%,4,600
638,ee0b1e5edff43911e000e0eb329e3d5a,2023-04-13T00:00:00,2,Ярославль,5712,Оксана,Павлова,11,Хлеб ржаной,3,60
639,9393ac4d50502d0ed263bb9316307fcc,2023-04-13T00:00:00,1,Ростов,6314,Елизавета,Волкова,5,Яблоко молодильное,2,800
640,f92343e183dd3cc3dcea1643f8393695,2023-04-13T00:00:00,2,Ярославль,6902,Алексей,Новиков,11,Хлеб ржаной,2,40
641,f47d0cd415cc9be824792d900a7ec1e2,2023-04-13T00:00:00,1,Ростов,6410,Елизавета,Алексеева,5,Яблоко молодильное,5,2000
642,f1c3c390a0fc4756098bd4e4dea8b42e,2023-04-13T00:00:00,2,Ярославль,2016,Ольга,Великая,2,Молоко 5%,3,450
643,cab28b0a12b9accd1786314ecee875fe,2023-04-13T00:00:00,1,Ростов,8418,Снежанна,Алексеева,6,Яблоко,2,280
644,b5a0c883a34bd8e652e3059b7899995c,2023-04-13T00:00:00,0,Москва,5300,Александр,Смирнов,5,Яблоко молодильное,4,1600
645,31e21d446ffedae8dda502ab24129c22,2023-04-13T00:00:00,0,Москва,4012,Екатерина,Великая,3,Устройство для нагревания табака Трубка Мира,4,2000
646,feb97df39afae45f5b8ff2f9d3c031b6,2023-04-13T00:00:00,1,Ростов,1918,Евгения,Орлова,0,Молоко 1%,3,300
647,07fd1c89308381935b6f70780c5dc84c,2023-04-13T00:00:00,0,Москва,9615,Надежда,Егорова,3,Устройство для нагревания табака Трубка Мира,4,2000
648,cd400abec56cdb3a3cf0eb42b1a907cd,2023-04-13T00:00:00,2,Ярославль,4312,Екатерина,Волкова,3,Устройство для нагревания табака Трубка Мира,2,1000
649,3693d05ed2ea20714366bd4723522eb1,2023-04-13T00:00:00,2,Ярославль,2408,Петр,Кузнецов,6,Яблоко,5,700
650,7e043aad6f6cabd012d3ef9337991a80,2023-04-13T00:00:00,1,Ростов,2917,Ольга,Орлова,4,Сахар песок,5,250
651,57e156efe66c9c7071621983131caec7,2023-04-13T00:00:00,2,Ярославль,3,Иван,Иванов,9,Ручка шариковая,1,45
652,573a84cc619a628ba4cf7eb9cdce4dba,2023-04-13T00:00:00,0,Москва,8605,Геннадий,Васильев,1,Молоко 3%,1,120
653,dac18e545687b4518d6bd098452be091,2023-04-13T00:00:00,1,Ростов,2713,Ольга,Павлова,0,Молоко 1%,1,100
654,26aaff13d2a961eb51035d6a5d991458,2023-04-13T00:00:00,0,Москва,6406,Алексей,Кузнецов,4,Сахар песок,1,50
655,84399dbae0e79bb2e95b8ac1cf4b3a41,2023-04-13T00:00:00,0,Москва,1302,Евгений,Смирнов,4,Сахар песок,2,100
656,4a75da522370f84bc5ce14a695c83759,2023-04-13T00:00:00,0,Москва,8300,Геннадий,Смирнов,11,Хлеб ржаной,3,60
657,51c06635a1235c9745fe14e5f1a758dd,2023-04-13T00:00:00,0,Москва,7507,Константин,Попов,6,Яблоко,5,700
658,cd13469c3dd837edc3a43b919ba39c86,2023-04-13T00:00:00,0,Москва,1506,Евгений,Попов,0,Молоко 1%,4,400
659,f1d6ee61180a656373df0a589cfb9e5a,2023-04-13T00:00:00,1,Ростов,3512,Светлана,Лебедева,2,Молоко 5%,3,450
660,dd224fb9ea73bfa0e46ba878e71f4046,2023-04-13T00:00:00,1,Ростов,702,Иван,Соколов,9,Ручка шариковая,3,135
661,2cfa70608cdb1429bbc4a07d210be511,2023-04-13T00:00:00,0,Москва,7809,Константин,Михайлов,0,Молоко 1%,4,400
662,78a163e0010ef0d21a8048ea4fedf00c,2023-04-13T00:00:00,2,Ярославль,1302,Евгений,Смирнов,11,Хлеб ржаной,4,80
663,cfc7ca5af119522305e9991ba321bba4,2023-04-13T00:00:00,2,Ярославль,9305,Эдуард,Смирнов,2,Молоко 5%,4,600
664,41160105359277e4c3ab6ea71b88057c,2023-04-13T00:00:00,0,Москва,7314,Анна,Волкова,4,Сахар песок,4,200
665,2cd4ec6a9d08cd80bb7f80e09d0b205a,2023-04-13T00:00:00,0,Москва,19,Александра,Великая,4,Сахар песок,5,250
666,604a293927372ff11056079cbece2a0d,2023-04-13T00:00:00,2,Ярославль,1013,Евгения,Великая,0,Молоко 1%,1,100
667,78e797dee4e506fb647732fa36a88ea0,2023-04-13T00:00:00,0,Москва,6912,Елизавета,Орлова,9,Ручка шариковая,4,180
668,3373e193041fba7b068413431adc18f7,2023-04-13T00:00:00,0,Москва,4510,Екатерина,Лебедева,0,Молоко 1%,3,300
669,e6a337a2559405a7bbb8d280c7de5707,2023-04-13T00:00:00,2,Ярославль,4517,Екатерина,Лебедева,11,Хлеб ржаной,1,20
670,6da5e10e62f1166f65eafa55deff263c,2023-04-13T00:00:00,0,Москва,6501,Алексей,Попов,9,Ручка шариковая,5,225
671,bfc0f0459f05203d788f74b11e8933aa,2023-04-13T00:00:00,0,Москва,7010,Анна,Великая,6,Яблоко,4,560
672,58099c87f1db9e8dc4cad94fefa6dc84,2023-04-13T00:00:00,2,Ярославль,3206,Олег,Сидоров,6,Яблоко,1,140
673,2fb3fd2528615b3e581ace0895289c03,2023-04-13T00:00:00,1,Ростов,8013,Снежанна,Великая,6,Яблоко,3,420
674,72ab71e2b0db2374fbb77191a46d6057,2023-04-13T00:00:00,1,Ростов,200,Иван,Сидоров,9,Ручка шариковая,4,180
675,cc09f991b7c37d8eeee94fb70a9c4da6,2023-04-13T00:00:00,1,Ростов,1615,Евгения,Егорова,8,Лампочка LED,2,600
676,1e35694dc7e9bb35af0370576db6d98b,2023-04-13T00:00:00,1,Ростов,5414,Оксана,Алексеева,9,Ручка шариковая,3,135
677,147847deec6272dd637546518c721e90,2023-04-13T00:00:00,1,Ростов,6301,Алексей,Смирнов,11,Хлеб ржаной,1,20
678,f9566467429e7669b8a6f3e825a54afc,2023-04-13T00:00:00,1,Ростов,7406,Константин,Кузнецов,8,Лампочка LED,4,1200
679,24d062a0fc261cdefcdf245ec746543a,2023-04-13T00:00:00,0,Москва,8713,Снежанна,Павлова,6,Яблоко,1,140
680,461bc9c89c30f953292586855c21d5fd,2023-04-13T00:00:00,2,Ярославль,306,Иван,Смирнов,1,Молоко 3%,2,240
681,75bcf457e165a23bb09acb59721c68f0,2023-04-13T00:00:00,0,Москва,7311,Анна,Волкова,7,Средство для мытья посуды,2,400
682,a1b03d1dc5a2d0edd6bfcabe1256aeae,2023-04-13T00:00:00,0,Москва,8119,Снежанна,Федорова,11,Хлеб ржаной,2,40
683,dceb7e0169cefc754f61d250037637a6,2023-04-13T00:00:00,0,Москва,418,Александра,Алексеева,10,Томаты,5,250
684,56ed8dfa55e2bfc8ecae4409acbe90be,2023-04-13T00:00:00,2,Ярославль,5107,Александр,Петров,0,Молоко 1%,3,300
685,8154a115ee98e08629879c23fb8322ef,2023-04-13T00:00:00,0,Москва,5019,Оксана,Великая,3,Устройство для нагревания табака Трубка Мира,3,1500
686,64d8b9b0ca0741f0bd25c68dd41284ce,2023-04-13T00:00:00,1,Ростов,118,Александра,Федорова,11,Хлеб ржаной,1,20
687,52f02cb362035d1990efa9d08685fa11,2023-04-13T00:00:00,1,Ростов,2614,Ольга,Егорова,4,Сахар песок,4,200
688,9690a1f0a2407d506aa196663148a958,2023-04-13T00:00:00,1,Ростов,205,Иван,Сидоров,11,Хлеб ржаной,1,20
689,166ab2852f472c4780397c963ed2e94f,2023-04-13T00:00:00,2,Ярославль,6114,Елизавета,Федорова,0,Молоко 1%,5,500
690,a5f4da8f4981352e3453284d5693483d,2023-04-13T00:00:00,2,Ярославль,6708,Алексей,Соколов,8,Лампочка LED,2,600
691,e09686457160d03f942ed4e10b6576cb,2023-04-13T00:00:00,0,Москва,1,Иван,Иванов,2,Молоко 5%,3,450
692,3ec7883e89def87063ab2e49138e18f4,2023-04-13T00:00:00,2,Ярославль,2819,Ольга,Козлова,3,Устройство для нагревания табака Трубка Мира,4,2000
693,4a870cef87124871ab152c22eb40173d,2023-04-13T00:00:00,1,Ростов,3108,Олег,Петров,10,Томаты,3,150
694,08ca603e46ad3bf28804b30bae0c7c70,2023-04-13T00:00:00,0,Москва,4601,Сергей,Васильев,6,Яблоко,2,280
695,598f59730608fab143ae7a7ed0e00b5c,2023-04-13T00:00:00,1,Ростов,8615,Снежанна,Егорова,4,Сахар песок,2,100
696,82e9653955f9730fad5794f5bfc2c230,2023-04-13T00:00:00,2,Ярославль,3912,Светлана,Орлова,5,Яблоко молодильное,1,400
697,0e0e392969633a1598a67393d5e4c8d8,2023-04-13T00:00:00,0,Москва,5106,Александр,Петров,9,Ручка шариковая,1,45
698,d7e5d82ec881b62d5eae3bd99d48de2f,2023-04-13T00:00:00,1,Ростов,7207,Константин,Сидоров,1,Молоко 3%,4,480
699,1e54820f98e86de8afa3d07478d7636a,2023-04-13T00:00:00,1,Ростов,5103,Александр,Петров,1,Молоко 3%,1,120
700,18f62fd5649ec746b06b0fc18647983f,2023-04-13T00:00:00,1,Ростов,7716,Анна,Павлова,4,Сахар песок,3,150
701,bf848a80856be39dab8962cd491001ca,2023-04-13T00:00:00,1,Ростов,2603,Петр,Васильев,3,Устройство для нагревания табака Трубка Мира,1,500
702,6b27c75ba30959325425172a31d120cd,2023-04-13T00:00:00,0,Москва,3414,Светлана,Алексеева,4,Сахар песок,5,250
703,a1e755dfb1b79e5eed9f92283a139ec3,2023-04-13T00:00:00,1,Ростов,9102,Эдуард,Петров,1,Молоко 3%,3,360
704,93c1fbd190bb444ce51ee2b43f8f762a,2023-04-13T00:00:00,0,Москва,7713,Анна,Павлова,11,Хлеб ржаной,4,80
705,aef94a50cbe55445c7fcb772269765a3,2023-04-13T00:00:00,0,Москва,7616,Анна,Егорова,2,Молоко 5%,3,450
706,626788232c48dddf63b8ca89a90ea84a,2023-04-13T00:00:00,1,Ростов,1606,Евгений,Васильев,4,Сахар песок,2,100
707,75588006cbf9845de29f74b6dca579fc,2023-04-13T00:00:00,0,Москва,7215,Анна,Морозова,4,Сахар песок,5,250
708,30e11040c42c818842ba836357847717,2023-04-13T00:00:00,0,Москва,4112,Екатерина,Федорова,1,Молоко 3%,1,120
709,755166f013bd590fbfa956875abb3866,2023-04-13T00:00:00,1,Ростов,6602,Алексей,Васильев,1,Молоко 3%,3,360
710,5b483f8242e6a9087fceef2005bda890,2023-04-13T00:00:00,1,Ростов,710,Александра,Павлова,0,Молоко 1%,3,300
711,a69c5f179ed35faf12f187dcd4459dd7,2023-04-13T00:00:00,0,Москва,5413,Оксана,Алексеева,0,Молоко 1%,4,400
712,8025e9609a10c9006e6c8304242188ec,2023-04-13T00:00:00,0,Москва,2407,Петр,Кузнецов,1,Молоко 3%,2,240
713,32b49729312665caac019fbb7a50c733,2023-04-13T00:00:00,1,Ростов,2000,Петр,Иванов,6,Яблоко,3,420
714,8c584df973859958f8ee699fa5950f70,2023-04-13T00:00:00,2,Ярославль,8010,Снежанна,Великая,6,Яблоко,3,420
715,0a8aa09ab40b9c7341133f555f09c5c4,2023-04-13T00:00:00,1,Ростов,6110,Елизавета,Федорова,0,Молоко 1%,2,200
716,9072c0c8760051baf5e06f431143adde,2023-04-13T00:00:00,2,Ярославль,1901,Евгений,Новиков,9,Ручка шариковая,5,225
717,2b22eacc902554859dcaa2dad06f9066,2023-04-13T00:00:00,2,Ярославль,400,Иван,Кузнецов,0,Молоко 1%,1,100
718,a1abf823d06fb6e59ebb6069b33c47d4,2023-04-13T00:00:00,1,Ростов,7205,Константин,Сидоров,0,Молоко 1%,2,200
719,962b4c803b4440a349462dbbabb6df82,2023-04-13T00:00:00,1,Ростов,6408,Алексей,Кузнецов,2,Молоко 5%,2,300
720,7ce8ae4a4ff648dde254b3a4000e4cee,2023-04-13T00:00:00,2,Ярославль,509,Иван,Попов,6,Яблоко,2,280
721,ff402ba349c23e40102de33cd6d2dfd6,2023-04-13T00:00:00,0,Москва,2518,Ольга,Лебедева,0,Молоко 1%,1,100
722,dbaaac44f7fa38e487f0b15b7af5640d,2023-04-13T00:00:00,0,Москва,5808,Александр,Михайлов,4,Сахар песок,2,100
723,73ab70d4f72449d8baa4e6d18a904c39,2023-04-13T00:00:00,0,Москва,7111,Анна,Федорова,5,Яблоко молодильное,4,1600
724,63f574603c15f1a811b4d0840fcfa15f,2023-04-13T00:00:00,1,Ростов,7701,Константин,Соколов,3,Устройство для нагревания табака Трубка Мира,5,2500
725,53a9f212db97a167f439a46a1dbc0db1,2023-04-13T00:00:00,1,Ростов,8707,Геннадий,Соколов,4,Сахар песок,1,50
726,6a52dc7c47ef3dd36f1710c6100c2c8a,2023-04-13T00:00:00,1,Ростов,6604,Алексей,Васильев,6,Яблоко,4,560
727,b5148f9a0d4339cdb034e635fe0134cc,2023-04-13T00:00:00,1,Ростов,5104,Александр,Петров,4,Сахар песок,1,50
728,68f712269df35dd8d589669180177e58,2023-04-13T00:00:00,2,Ярославль,7110,Анна,Федорова,11,Хлеб ржаной,2,40
729,2e1614dae5be9f151d9f673690f1867c,2023-04-13T00:00:00,2,Ярославль,3608,Олег,Васильев,5,Яблоко молодильное,1,400
730,a1442dfe3edf76ef4b8afd5d76b0a755,2023-04-13T00:00:00,2,Ярославль,7211,Анна,Морозова,6,Яблоко,4,560
731,b69b7a0ea90776ec48d5a167663102d4,2023-04-13T00:00:00,0,Москва,2605,Петр,Васильев,2,Молоко 5%,1,150
732,85055496757d43cae004535a2b3e98a2,2023-04-13T00:00:00,0,Москва,8312,Снежанна,Волкова,9,Ручка шариковая,1,45
733,6ec80fb738994e4fa220229fb996c753,2023-04-13T00:00:00,0,Москва,1803,Евгений,Михайлов,2,Молоко 5%,2,300
734,68e7f645431f7c62bbab4471758b8861,2023-04-13T00:00:00,1,Ростов,5111,Оксана,Федорова,7,Средство для мытья посуды,1,200
735,0a29de7b07a6742699540796d0cafed2,2023-04-13T00:00:00,1,Ростов,3114,Светлана,Федорова,10,Томаты,1,50
736,806915e129b8fea4f8b6cc310456aae7,2023-04-13T00:00:00,1,Ростов,606,Иван,Васильев,4,Сахар песок,2,100
737,7f0e5dd0712e3b5be0ba50004b1ec199,2023-04-13T00:00:00,2,Ярославль,3514,Светлана,Лебедева,6,Яблоко,3,420
738,48ab1015ad64864aee2ad7e142497bcb,2023-04-13T00:00:00,1,Ростов,1412,Евгения,Алексеева,2,Молоко 5%,1,150
739,23c19bd654d9a8930d2109baa787f360,2023-04-13T00:00:00,0,Москва,2809,Петр,Михайлов,3,Устройство для нагревания табака Трубка Мира,2,1000
740,eba7dbee49656314a5cf53aa84668be3,2023-04-13T00:00:00,2,Ярославль,2501,Петр,Попов,4,Сахар песок,5,250
741,5b094170ec941f056263890bd96c4d46,2023-04-13T00:00:00,0,Москва,5814,Оксана,Козлова,0,Молоко 1%,3,300
742,97e15c353152736ec01843a48ad7f6ea,2023-04-13T00:00:00,2,Ярославль,7705,Константин,Соколов,5,Яблоко молодильное,5,2000
743,16a80d63aba28121e7732914743f1dc3,2023-04-13T00:00:00,1,Ростов,2109,Петр,Петров,5,Яблоко молодильное,2,800
744,b29cfa651d5a04e5513662e5e11bb5a5,2023-04-13T00:00:00,0,Москва,2303,Петр,Смирнов,3,Устройство для нагревания табака Трубка Мира,2,1000
745,5b592f69df2c960e98c40d3615ecfa5c,2023-04-13T00:00:00,2,Ярославль,3001,Олег,Иванов,11,Хлеб ржаной,4,80
746,35570ca4db34c7315bd4f556d162319b,2023-04-13T00:00:00,1,Ростов,7619,Анна,Егорова,11,Хлеб ржаной,3,60
747,cef9d21d325839e23938ee4f3704dca7,2023-04-13T00:00:00,1,Ростов,4510,Екатерина,Лебедева,8,Лампочка LED,4,1200
748,302ad7a8419a4eaf0f600d19397845f9,2023-04-13T00:00:00,0,Москва,7807,Константин,Михайлов,5,Яблоко молодильное,1,400
749,d6f48c72077e6ca1c0ea41e3641c91b8,2023-04-13T00:00:00,0,Москва,509,Иван,Попов,11,Хлеб ржаной,1,20
750,f7d77eda0d09216d2ab766733cd5bebc,2023-04-13T00:00:00,0,Москва,1209,Евгений,Сидоров,5,Яблоко молодильное,5,2000
751,e145dcb9545090cd3792823781d35961,2023-04-13T00:00:00,2,Ярославль,3918,Светлана,Орлова,2,Молоко 5%,3,450
752,946e7dd362813ddb84e17fa464aa7c8f,2023-04-13T00:00:00,2,Ярославль,5812,Оксана,Козлова,0,Молоко 1%,4,400
753,bac86773a1e8e41336c871688c8b8867,2023-04-13T00:00:00,0,Москва,2114,Ольга,Федорова,1,Молоко 3%,2,240
754,6e980b31e3857b030a70fe88d9a66053,2023-04-13T00:00:00,1,Ростов,4500,Сергей,Попов,6,Яблоко,1,140
755,b20e707bb42975994261a202558a21f1,2023-04-13T00:00:00,2,Ярославль,8705,Геннадий,Соколов,8,Лампочка LED,3,900
756,fc1104d891568078a5e40c56f00d6d5a,2023-04-13T00:00:00,1,Ростов,3416,Светлана,Алексеева,2,Молоко 5%,2,300
757,fec0f352ec8b8fc80e9a6cd53eb71c6c,2023-04-13T00:00:00,2,Ярославль,1900,Евгений,Новиков,7,Средство для мытья посуды,4,800
758,8f7c0952f88a5b560e9abe2878fa282c,2023-04-13T00:00:00,2,Ярославль,4917,Екатерина,Орлова,10,Томаты,5,250
759,cf2d70f4dd781de16eeb37dd5312a439,2023-04-13T00:00:00,1,Ростов,5211,Оксана,Морозова,2,Молоко 5%,5,750
760,f8b232707f5f420215fd728688b7ff35,2023-04-13T00:00:00,2,Ярославль,5703,Александр,Соколов,5,Яблоко молодильное,3,1200
761,eb1bb17cb9f2ffc53f8f3b8233c746e7,2023-04-13T00:00:00,2,Ярославль,7416,Анна,Алексеева,2,Молоко 5%,3,450
762,1fd65a0170d1e9130dbefe26b5d8fe46,2023-04-13T00:00:00,1,Ростов,5515,Оксана,Лебедева,10,Томаты,1,50
763,6cabb6a6725e8b21869b07f865c6d0ea,2023-04-13T00:00:00,0,Москва,1811,Евгения,Козлова,9,Ручка шариковая,4,180
764,8fe3afbbdfccd5d7a45750df0ec01257,2023-04-13T00:00:00,0,Москва,909,Иван,Новиков,1,Молоко 3%,1,120
765,a54f02569d2f454e85ae5138eb0f7ab0,2023-04-13T00:00:00,2,Ярославль,3412,Светлана,Алексеева,10,Томаты,2,100
766,2786e857ee9e48c76bbbff1be453fb85,2023-04-13T00:00:00,2,Ярославль,4204,Сергей,Сидоров,0,Молоко 1%,5,500
767,a41a338e1b523d3103e888a617e84003,2023-04-13T00:00:00,1,Ростов,9012,Надежда,Великая,3,Устройство для нагревания табака Трубка Мира,2,1000
768,b7765d8715146921c9d1d508a74d8116,2023-04-13T00:00:00,1,Ростов,6811,Елизавета,Козлова,7,Средство для мытья посуды,2,400
769,480e65a876111ca970becbb72bf520d0,2023-04-13T00:00:00,2,Ярославль,6201,Алексей,Сидоров,2,Молоко 5%,4,600
770,90b1b206a97e6222859bfe1a3a8c8770,2023-04-13T00:00:00,1,Ростов,8208,Геннадий,Сидоров,11,Хлеб ржаной,5,100
771,08bedb39c9d390f7f36a8c76e11fa94e,2023-04-13T00:00:00,1,Ростов,6707,Алексей,Соколов,0,Молоко 1%,3,300
772,7ae3395fc83abb0732170e5c99fe19df,2023-04-13T00:00:00,0,Москва,5707,Александр,Соколов,10,Томаты,1,50
773,b5742a7ad7c726044595add5dc4d66e9,2023-04-13T00:00:00,0,Москва,6911,Елизавета,Орлова,8,Лампочка LED,2,600
774,7bb2684cbb65a5305c309b10c4eb1a64,2023-04-13T00:00:00,0,Москва,3005,Олег,Иванов,1,Молоко 3%,3,360
775,89935ff72f1d710ebb3914f079489c1e,2023-04-13T00:00:00,1,Ростов,4604,Сергей,Васильев,2,Молоко 5%,1,150
776,301d89faaba54ed4854eaae172f0acee,2023-04-13T00:00:00,1,Ростов,1211,Евгения,Морозова,0,Молоко 1%,2,200
777,f070994f6792d251cbf6bd0f4725f296,2023-04-13T00:00:00,1,Ростов,5100,Александр,Петров,8,Лампочка LED,1,300
778,9d9690bc1e61d5b03696d91f351c15ac,2023-04-13T00:00:00,1,Ростов,6108,Алексей,Петров,5,Яблоко молодильное,5,2000
779,0eb4e302972d0aac25c4db91bc089c27,2023-04-13T00:00:00,2,Ярославль,1109,Евгений,Петров,0,Молоко 1%,3,300
780,0f8ff7e540cb638cb5131cc509f182ef,2023-04-13T00:00:00,1,Ростов,604,Иван,Васильев,9,Ручка шариковая,4,180
781,5ba7706a6a11fb3a55bb712a551ad40e,2023-04-13T00:00:00,1,Ростов,1407,Евгений,Кузнецов,7,Средство для мытья посуды,3,600
782,843bac5a0c6b1cccdae73be41b9e0c5e,2023-04-13T00:00:00,0,Москва,908,Иван,Новиков,7,Средство для мытья посуды,2,400
783,0291e732384206505bb6c076f8daa04a,2023-04-13T00:00:00,1,Ростов,3105,Олег,Петров,1,Молоко 3%,1,120
784,37d2a1fc4c26f1598941848c638e1848,2023-04-13T00:00:00,2,Ярославль,8300,Геннадий,Смирнов,6,Яблоко,1,140
785,16511cfdc8906f3a936080f3035c3c98,2023-04-13T00:00:00,2,Ярославль,9310,Надежда,Волкова,1,Молоко 3%,5,600
786,286ba88893b02f70e511f9352121616c,2023-04-13T00:00:00,2,Ярославль,5909,Александр,Новиков,5,Яблоко молодильное,5,2000
787,29e3c943006eaa5d0157e8b973209486,2023-04-13T00:00:00,0,Москва,2218,Ольга,Морозова,0,Молоко 1%,3,300
788,71b1688762ce0d4bdb3e721bcd593692,2023-04-13T00:00:00,1,Ростов,517,Александра,Лебедева,11,Хлеб ржаной,4,80
789,0fbf38b00f26e63116380d6cabea797f,2023-04-13T00:00:00,2,Ярославль,9401,Эдуард,Кузнецов,2,Молоко 5%,4,600
790,ee0b1e5edff43911e000e0eb329e3d5a,2023-04-13T00:00:00,2,Ярославль,5712,Оксана,Павлова,11,Хлеб ржаной,3,60
791,9393ac4d50502d0ed263bb9316307fcc,2023-04-13T00:00:00,1,Ростов,6314,Елизавета,Волкова,5,Яблоко молодильное,2,800
792,f92343e183dd3cc3dcea1643f8393695,2023-04-13T00:00:00,2,Ярославль,6902,Алексей,Новиков,11,Хлеб ржаной,2,40
793,f47d0cd415cc9be824792d900a7ec1e2,2023-04-13T00:00:00,1,Ростов,6410,Елизавета,Алексеева,5,Яблоко молодильное,5,2000
794,f1c3c390a0fc4756098bd4e4dea8b42e,2023-04-13T00:00:00,2,Ярославль,2016,Ольга,Великая,2,Молоко 5%,3,450
795,cab28b0a12b9accd1786314ecee875fe,2023-04-13T00:00:00,1,Ростов,8418,Снежанна,Алексеева,6,Яблоко,2,280
796,b5a0c883a34bd8e652e3059b7899995c,2023-04-13T00:00:00,0,Москва,5300,Александр,Смирнов,5,Яблоко молодильное,4,1600
797,31e21d446ffedae8dda502ab24129c22,2023-04-13T00:00:00,0,Москва,4012,Екатерина,Великая,3,Устройство для нагревания табака Трубка Мира,4,2000
798,feb97df39afae45f5b8ff2f9d3c031b6,2023-04-13T00:00:00,1,Ростов,1918,Евгения,Орлова,0,Молоко 1%,3,300
799,07fd1c89308381935b6f70780c5dc84c,2023-04-13T00:00:00,0,Москва,9615,Надежда,Егорова,3,Устройство для нагревания табака Трубка Мира,4,2000
800,cd400abec56cdb3a3cf0eb42b1a907cd,2023-04-13T00:00:00,2,Ярославль,4312,Екатерина,Волкова,3,Устройство для нагревания табака Трубка Мира,2,1000
801,3693d05ed2ea20714366bd4723522eb1,2023-04-13T00:00:00,2,Ярославль,2408,Петр,Кузнецов,6,Яблоко,5,700
802,7e043aad6f6cabd012d3ef9337991a80,2023-04-13T00:00:00,1,Ростов,2917,Ольга,Орлова,4,Сахар песок,5,250
803,57e156efe66c9c7071621983131caec7,2023-04-13T00:00:00,2,Ярославль,3,Иван,Иванов,9,Ручка шариковая,1,45
804,573a84cc619a628ba4cf7eb9cdce4dba,2023-04-13T00:00:00,0,Москва,8605,Геннадий,Васильев,1,Молоко 3%,1,120
805,dac18e545687b4518d6bd098452be091,2023-04-13T00:00:00,1,Ростов,2713,Ольга,Павлова,0,Молоко 1%,1,100
806,26aaff13d2a961eb51035d6a5d991458,2023-04-13T00:00:00,0,Москва,6406,Алексей,Кузнецов,4,Сахар песок,1,50
807,84399dbae0e79bb2e95b8ac1cf4b3a41,2023-04-13T00:00:00,0,Москва,1302,Евгений,Смирнов,4,Сахар песок,2,100
808,4a75da522370f84bc5ce14a695c83759,2023-04-13T00:00:00,0,Москва,8300,Геннадий,Смирнов,11,Хлеб ржаной,3,60
809,51c06635a1235c9745fe14e5f1a758dd,2023-04-13T00:00:00,0,Москва,7507,Константин,Попов,6,Яблоко,5,700
810,cd13469c3dd837edc3a43b919ba39c86,2023-04-13T00:00:00,0,Москва,1506,Евгений,Попов,0,Молоко 1%,4,400
811,f1d6ee61180a656373df0a589cfb9e5a,2023-04-13T00:00:00,1,Ростов,3512,Светлана,Лебедева,2,Молоко 5%,3,450
812,dd224fb9ea73bfa0e46ba878e71f4046,2023-04-13T00:00:00,1,Ростов,702,Иван,Соколов,9,Ручка шариковая,3,135
813,2cfa70608cdb1429bbc4a07d210be511,2023-04-13T00:00:00,0,Москва,7809,Константин,Михайлов,0,Молоко 1%,4,400
814,78a163e0010ef0d21a8048ea4fedf00c,2023-04-13T00:00:00,2,Ярославль,1302,Евгений,Смирнов,11,Хлеб ржаной,4,80
815,cfc7ca5af119522305e9991ba321bba4,2023-04-13T00:00:00,2,Ярославль,9305,Эдуард,Смирнов,2,Молоко 5%,4,600
816,41160105359277e4c3ab6ea71b88057c,2023-04-13T00:00:00,0,Москва,7314,Анна,Волкова,4,Сахар песок,4,200
817,2cd4ec6a9d08cd80bb7f80e09d0b205a,2023-04-13T00:00:00,0,Москва,19,Александра,Великая,4,Сахар песок,5,250
818,604a293927372ff11056079cbece2a0d,2023-04-13T00:00:00,2,Ярославль,1013,Евгения,Великая,0,Молоко 1%,1,100
819,78e797dee4e506fb647732fa36a88ea0,2023-04-13T00:00:00,0,Москва,6912,Елизавета,Орлова,9,Ручка шариковая,4,180
820,3373e193041fba7b068413431adc18f7,2023-04-13T00:00:00,0,Москва,4510,Екатерина,Лебедева,0,Молоко 1%,3,300
821,e6a337a2559405a7bbb8d280c7de5707,2023-04-13T00:00:00,2,Ярославль,4517,Екатерина,Лебедева,11,Хлеб ржаной,1,20
822,6da5e10e62f1166f65eafa55deff263c,2023-04-13T00:00:00,0,Москва,6501,Алексей,Попов,9,Ручка шариковая,5,225
823,bfc0f0459f05203d788f74b11e8933aa,2023-04-13T00:00:00,0,Москва,7010,Анна,Великая,6,Яблоко,4,560
824,58099c87f1db9e8dc4cad94fefa6dc84,2023-04-13T00:00:00,2,Ярославль,3206,Олег,Сидоров,6,Яблоко,1,140
825,2fb3fd2528615b3e581ace0895289c03,2023-04-13T00:00:00,1,Ростов,8013,Снежанна,Великая,6,Яблоко,3,420
826,72ab71e2b0db2374fbb77191a46d6057,2023-04-13T00:00:00,1,Ростов,200,Иван,Сидоров,9,Ручка шариковая,4,180
827,cc09f991b7c37d8eeee94fb70a9c4da6,2023-04-13T00:00:00,1,Ростов,1615,Евгения,Егорова,8,Лампочка LED,2,600
828,1e35694dc7e9bb35af0370576db6d98b,2023-04-13T00:00:00,1,Ростов,5414,Оксана,Алексеева,9,Ручка шариковая,3,135
829,147847deec6272dd637546518c721e90,2023-04-13T00:00:00,1,Ростов,6301,Алексей,Смирнов,11,Хлеб ржаной,1,20
830,f9566467429e7669b8a6f3e825a54afc,2023-04-13T00:00:00,1,Ростов,7406,Константин,Кузнецов,8,Лампочка LED,4,1200
831,24d062a0fc261cdefcdf245ec746543a,2023-04-13T00:00:00,0,Москва,8713,Снежанна,Павлова,6,Яблоко,1,140
832,461bc9c89c30f953292586855c21d5fd,2023-04-13T00:00:00,2,Ярославль,306,Иван,Смирнов,1,Молоко 3%,2,240
833,75bcf457e165a23bb09acb59721c68f0,2023-04-13T00:00:00,0,Москва,7311,Анна,Волкова,7,Средство для мытья посуды,2,400
834,a1b03d1dc5a2d0edd6bfcabe1256aeae,2023-04-13T00:00:00,0,Москва,8119,Снежанна,Федорова,11,Хлеб ржаной,2,40
835,dceb7e0169cefc754f61d250037637a6,2023-04-13T00:00:00,0,Москва,418,Александра,Алексеева,10,Томаты,5,250
836,56ed8dfa55e2bfc8ecae4409acbe90be,2023-04-13T00:00:00,2,Ярославль,5107,Александр,Петров,0,Молоко 1%,3,300
837,8154a115ee98e08629879c23fb8322ef,2023-04-13T00:00:00,0,Москва,5019,Оксана,Великая,3,Устройство для нагревания табака Трубка Мира,3,1500
838,64d8b9b0ca0741f0bd25c68dd41284ce,2023-04-13T00:00:00,1,Ростов,118,Александра,Федорова,11,Хлеб ржаной,1,20
839,52f02cb362035d1990efa9d08685fa11,2023-04-13T00:00:00,1,Ростов,2614,Ольга,Егорова,4,Сахар песок,4,200
840,9690a1f0a2407d506aa196663148a958,2023-04-13T00:00:00,1,Ростов,205,Иван,Сидоров,11,Хлеб ржаной,1,20
841,166ab2852f472c4780397c963ed2e94f,2023-04-13T00:00:00,2,Ярославль,6114,Елизавета,Федорова,0,Молоко 1%,5,500
842,a5f4da8f4981352e3453284d5693483d,2023-04-13T00:00:00,2,Ярославль,6708,Алексей,Соколов,8,Лампочка LED,2,600
843,e09686457160d03f942ed4e10b6576cb,2023-04-13T00:00:00,0,Москва,1,Иван,Иванов,2,Молоко 5%,3,450
844,3ec7883e89def87063ab2e49138e18f4,2023-04-13T00:00:00,2,Ярославль,2819,Ольга,Козлова,3,Устройство для нагревания табака Трубка Мира,4,2000
845,4a870cef87124871ab152c22eb40173d,2023-04-13T00:00:00,1,Ростов,3108,Олег,Петров,10,Томаты,3,150
846,08ca603e46ad3bf28804b30bae0c7c70,2023-04-13T00:00:00,0,Москва,4601,Сергей,Васильев,6,Яблоко,2,280
847,598f59730608fab143ae7a7ed0e00b5c,2023-04-13T00:00:00,1,Ростов,8615,Снежанна,Егорова,4,Сахар песок,2,100
848,82e9653955f9730fad5794f5bfc2c230,2023-04-13T00:00:00,2,Ярославль,3912,Светлана,Орлова,5,Яблоко молодильное,1,400
849,0e0e392969633a1598a67393d5e4c8d8,2023-04-13T00:00:00,0,Москва,5106,Александр,Петров,9,Ручка шариковая,1,45
850,d7e5d82ec881b62d5eae3bd99d48de2f,2023-04-13T00:00:00,1,Ростов,7207,Константин,Сидоров,1,Молоко 3%,4,480
851,1e54820f98e86de8afa3d07478d7636a,2023-04-13T00:00:00,1,Ростов,5103,Александр,Петров,1,Молоко 3%,1,120
852,18f62fd5649ec746b06b0fc18647983f,2023-04-13T00:00:00,1,Ростов,7716,Анна,Павлова,4,Сахар песок,3,150
853,bf848a80856be39dab8962cd491001ca,2023-04-13T00:00:00,1,Ростов,2603,Петр,Васильев,3,Устройство для нагревания табака Трубка Мира,1,500
854,6b27c75ba30959325425172a31d120cd,2023-04-13T00:00:00,0,Москва,3414,Светлана,Алексеева,4,Сахар песок,5,250
855,a1e755dfb1b79e5eed9f92283a139ec3,2023-04-13T00:00:00,1,Ростов,9102,Эдуард,Петров,1,Молоко 3%,3,360
